PLAYER_ID,PLAYER_NAME,TEAM_ID,TEAM_ABBREVIATION,AGE,FGM,FGA,FG_PCT,FGM,FGA,FG_PCT,FGM,FGA,FG_PCT,FGM,FGA,FG_PCT,FGM,FGA,FG_PCT,FGM,FGA,FG_PCT,FGM,FGA,FG_PCT
203932,Aaron Gordon,1610612753,ORL,25.0,36,55,0.655,13,37,0.351,11.0,37.0,0.297,2.0,6.0,0.333,2.0,5.0,0.4,27,71,0.38,0.0,2.0,0.0
1628988,Aaron Holiday,1610612754,IND,24.0,28,66,0.424,9,32,0.281,3.0,9.0,0.333,4.0,10.0,0.4,4.0,9.0,0.444,20,67,0.299,0.0,1.0,0.0
1630174,Aaron Nesmith,1610612738,BOS,21.0,1,3,0.333,1,3,0.333,1.0,2.0,0.5,0.0,6.0,0.0,2.0,5.0,0.4,7,18,0.389,0.0,0.0,0.0
1627846,Abdel Nader,1610612756,PHX,27.0,12,17,0.706,5,14,0.357,0.0,2.0,0.0,4.0,7.0,0.571,0.0,1.0,0.0,5,15,0.333,0.0,0.0,0.0
1629690,Adam Mokoka,1610612741,CHI,22.0,4,6,0.667,0,0,0.0,0.0,0.0,0.0,1.0,2.0,0.5,0.0,3.0,0.0,0,3,0.0,0.0,0.0,0.0
201143,Al Horford,1610612760,OKC,34.0,25,42,0.595,20,41,0.488,13.0,36.0,0.361,1.0,4.0,0.25,0.0,3.0,0.0,34,79,0.43,0.0,0.0,0.0
202329,Al-Farouq Aminu,1610612753,ORL,30.0,0,0,0.0,0,0,0.0,0.0,0.0,0.0,,,,,,,0,0,0.0,,,
202692,Alec Burks,1610612752,NYK,29.0,11,28,0.393,6,20,0.3,9.0,19.0,0.474,6.0,12.0,0.5,5.0,7.0,0.714,22,54,0.407,0.0,0.0,0.0
1630197,Aleksej Pokusevski,1610612760,OKC,19.0,7,11,0.636,2,11,0.182,4.0,16.0,0.25,2.0,7.0,0.286,1.0,4.0,0.25,7,43,0.163,0.0,1.0,0.0
1627936,Alex Caruso,1610612747,LAL,26.0,14,25,0.56,4,14,0.286,1.0,4.0,0.25,1.0,7.0,0.143,8.0,14.0,0.571,11,21,0.524,0.0,0.0,0.0
203458,Alex Len,1610612764,WAS,27.0,26,32,0.813,5,9,0.556,1.0,1.0,1.0,2.0,7.0,0.286,2.0,5.0,0.4,2,6,0.333,0.0,0.0,0.0
1628035,Alfonzo McKinnie,1610612747,LAL,28.0,4,6,0.667,0,1,0.0,1.0,2.0,0.5,0.0,1.0,0.0,1.0,1.0,1.0,2,2,1.0,0.0,0.0,0.0
1629599,Amir Coffey,1610612746,LAC,23.0,5,10,0.5,1,3,0.333,0.0,1.0,0.0,1.0,1.0,1.0,1.0,2.0,0.5,2,9,0.222,0.0,0.0,0.0
203083,Andre Drummond,1610612739,CLE,27.0,132,254,0.52,45,101,0.446,0.0,8.0,0.0,0.0,0.0,0.0,0.0,0.0,0.0,0,7,0.0,0.0,1.0,0.0
2738,Andre Iguodala,1610612748,MIA,37.0,9,14,0.643,1,2,0.5,1.0,5.0,0.2,6.0,16.0,0.375,10.0,23.0,0.435,9,36,0.25,0.0,2.0,0.0
203952,Andrew Wiggins,1610612744,GSW,25.0,63,103,0.612,32,67,0.478,25.0,65.0,0.385,8.0,23.0,0.348,6.0,13.0,0.462,33,89,0.371,0.0,0.0,0.0
1629014,Anfernee Simons,1610612757,POR,21.0,8,17,0.471,3,15,0.2,6.0,14.0,0.429,6.0,10.0,0.6,2.0,5.0,0.4,32,85,0.376,0.0,0.0,0.0
203076,Anthony Davis,1610612747,LAL,27.0,75,97,0.773,53,91,0.582,38.0,103.0,0.369,4.0,5.0,0.8,4.0,5.0,0.8,9,44,0.205,0.0,0.0,0.0
1630162,Anthony Edwards,1610612750,MIN,19.0,59,119,0.496,15,44,0.341,10.0,38.0,0.263,6.0,18.0,0.333,3.0,12.0,0.25,36,107,0.336,0.0,2.0,0.0
1630264,Anthony Gill,1610612764,WAS,28.0,2,2,1.0,0,0,0.0,0.0,1.0,0.0,0.0,1.0,0.0,0.0,2.0,0.0,1,4,0.25,0.0,0.0,0.0
1628394,Anzejs Pasecniks,1610612764,WAS,25.0,0,0,0.0,0,0,0.0,0.0,0.0,0.0,0.0,0.0,0.0,,,,0,1,0.0,,,
203382,Aron Baynes,1610612761,TOR,34.0,35,63,0.556,4,13,0.308,4.0,8.0,0.5,1.0,4.0,0.25,0.0,4.0,0.0,11,44,0.25,0.0,0.0,0.0
1630204,Ashton Hagans,1610612750,MIN,21.0,0,0,0.0,0,0,0.0,0.0,0.0,0.0,0.0,0.0,0.0,0.0,0.0,0.0,0,0,0.0,,,
203085,Austin Rivers,1610612752,NYK,28.0,20,30,0.667,6,21,0.286,4.0,7.0,0.571,4.0,10.0,0.4,2.0,8.0,0.25,22,58,0.379,0.0,1.0,0.0
202340,Avery Bradley,1610612748,MIA,30.0,10,12,0.833,1,5,0.2,4.0,11.0,0.364,5.0,12.0,0.417,3.0,7.0,0.429,8,19,0.421,0.0,0.0,0.0
1628389,Bam Adebayo,1610612748,MIA,23.0,83,103,0.806,42,97,0.433,36.0,82.0,0.439,0.0,1.0,0.0,0.0,0.0,0.0,2,4,0.5,0.0,0.0,0.0
203463,Ben McLemore,1610612745,HOU,28.0,7,12,0.583,0,2,0.0,2.0,10.0,0.2,6.0,10.0,0.6,3.0,7.0,0.429,17,51,0.333,0.0,0.0,0.0
1627732,Ben Simmons,1610612755,PHI,24.0,89,143,0.622,25,62,0.403,0.0,2.0,0.0,0.0,1.0,0.0,1.0,2.0,0.5,0,3,0.0,0.0,0.0,0.0
202687,Bismack Biyombo,1610612766,CHA,28.0,56,88,0.636,6,19,0.316,0.0,2.0,0.0,0.0,0.0,0.0,0.0,1.0,0.0,0,0,0.0,0.0,0.0,0.0
201933,Blake Griffin,1610612765,DET,31.0,26,40,0.65,13,34,0.382,2.0,19.0,0.105,3.0,18.0,0.167,2.0,3.0,0.667,31,97,0.32,0.0,0.0,0.0
1626246,Boban Marjanovic,1610612742,DAL,32.0,18,29,0.621,7,14,0.5,3.0,8.0,0.375,0.0,0.0,0.0,0.0,0.0,0.0,0,3,0.0,0.0,0.0,0.0
1626171,Bobby Portis,1610612749,MIL,26.0,52,76,0.684,15,35,0.429,25.0,51.0,0.49,5.0,8.0,0.625,4.0,12.0,0.333,16,32,0.5,0.0,0.0,0.0
203992,Bogdan Bogdanovic,1610612737,ATL,28.0,6,7,0.857,3,11,0.273,0.0,2.0,0.0,4.0,4.0,1.0,3.0,8.0,0.375,14,46,0.304,0.0,0.0,0.0
202711,Bojan Bogdanovic,1610612762,UTA,31.0,34,64,0.531,18,52,0.346,7.0,19.0,0.368,8.0,26.0,0.308,23.0,53.0,0.434,40,92,0.435,0.0,0.0,0.0
1629626,Bol Bol,1610612743,DEN,21.0,4,6,0.667,0,1,0.0,1.0,3.0,0.333,0.0,0.0,0.0,0.0,0.0,0.0,2,6,0.333,0.0,0.0,0.0
202954,Brad Wanamaker,1610612744,GSW,31.0,15,29,0.517,4,18,0.222,7.0,15.0,0.467,0.0,2.0,0.0,1.0,1.0,1.0,9,39,0.231,0.0,0.0,0.0
203078,Bradley Beal,1610612764,WAS,27.0,71,119,0.597,51,104,0.49,67.0,136.0,0.493,6.0,15.0,0.4,4.0,8.0,0.5,42,133,0.316,0.0,0.0,0.0
1629634,Brandon Clarke,1610612763,MEM,24.0,61,94,0.649,23,59,0.39,6.0,16.0,0.375,3.0,11.0,0.273,2.0,11.0,0.182,4,12,0.333,0.0,0.0,0.0
1629164,Brandon Goodwin,1610612737,ATL,25.0,8,25,0.32,5,11,0.455,2.0,6.0,0.333,2.0,3.0,0.667,1.0,4.0,0.25,8,38,0.211,0.0,1.0,0.0
1627742,Brandon Ingram,1610612740,NOP,23.0,43,63,0.683,34,77,0.442,62.0,133.0,0.466,4.0,13.0,0.308,1.0,10.0,0.1,55,127,0.433,0.0,1.0,0.0
1628968,Brian Bowen II,1610612754,IND,22.0,0,0,0.0,1,1,1.0,0.0,1.0,0.0,,,,,,,0,0,0.0,,,
1630271,Brodric Thomas,1610612745,HOU,24.0,1,1,1.0,0,0,0.0,0.0,0.0,0.0,0.0,0.0,0.0,0.0,0.0,0.0,1,6,0.167,0.0,0.0,0.0
201572,Brook Lopez,1610612749,MIL,32.0,36,50,0.72,13,30,0.433,7.0,14.0,0.5,4.0,13.0,0.308,7.0,23.0,0.304,31,80,0.388,0.0,0.0,0.0
1628971,Bruce Brown,1610612751,BKN,24.0,41,57,0.719,14,25,0.56,2.0,4.0,0.5,2.0,9.0,0.222,2.0,11.0,0.182,0,1,0.0,0.0,0.0,0.0
203998,Bruno Caboclo,1610612745,HOU,25.0,7,7,1.0,1,5,0.2,0.0,0.0,0.0,0.0,2.0,0.0,0.0,0.0,0.0,0,3,0.0,0.0,0.0,0.0
1628981,Bruno Fernando,1610612737,ATL,22.0,6,13,0.462,1,3,0.333,0.0,0.0,0.0,0.0,1.0,0.0,0.0,0.0,0.0,0,1,0.0,0.0,0.0,0.0
1627854,Bryn Forbes,1610612749,MIL,27.0,8,11,0.727,7,17,0.412,20.0,40.0,0.5,11.0,17.0,0.647,7.0,17.0,0.412,33,70,0.471,0.0,0.0,0.0
1627741,Buddy Hield,1610612758,SAC,28.0,17,30,0.567,6,35,0.171,11.0,27.0,0.407,9.0,20.0,0.45,5.0,11.0,0.455,80,221,0.362,0.0,0.0,0.0
1629604,CJ Elleby,1610612757,POR,20.0,7,8,0.875,0,0,0.0,2.0,2.0,1.0,2.0,4.0,0.5,0.0,1.0,0.0,2,10,0.2,0.0,0.0,0.0
203468,CJ McCollum,1610612757,POR,29.0,14,27,0.519,20,42,0.476,26.0,49.0,0.531,5.0,8.0,0.625,6.0,14.0,0.429,52,120,0.433,0.0,0.0,0.0
1628997,Caleb Martin,1610612766,CHA,25.0,25,44,0.568,3,8,0.375,7.0,17.0,0.412,0.0,6.0,0.0,3.0,7.0,0.429,12,37,0.324,0.0,0.0,0.0
1629629,Cam Reddish,1610612737,ATL,21.0,38,57,0.667,6,31,0.194,5.0,18.0,0.278,5.0,9.0,0.556,2.0,14.0,0.143,18,74,0.243,0.0,1.0,0.0
1629661,Cameron Johnson,1610612756,PHX,24.0,25,35,0.714,8,13,0.615,7.0,19.0,0.368,11.0,32.0,0.344,17.0,32.0,0.531,28,89,0.315,0.0,0.0,0.0
1626166,Cameron Payne,1610612756,PHX,26.0,12,27,0.444,4,9,0.444,6.0,7.0,0.857,0.0,1.0,0.0,0.0,1.0,0.0,11,27,0.407,0.0,0.0,0.0
1627747,Caris LeVert,1610612754,IND,26.0,32,51,0.627,26,62,0.419,7.0,24.0,0.292,2.0,5.0,0.4,0.0,3.0,0.0,20,55,0.364,0.0,0.0,0.0
2546,Carmelo Anthony,1610612757,POR,36.0,10,21,0.476,7,26,0.269,41.0,103.0,0.398,4.0,10.0,0.4,6.0,16.0,0.375,25,69,0.362,0.0,0.0,0.0
1629035,Carsen Edwards,1610612738,BOS,22.0,9,11,0.818,1,3,0.333,4.0,9.0,0.444,1.0,5.0,0.2,0.0,2.0,0.0,8,19,0.421,0.0,0.0,0.0
1630199,Cassius Stanley,1610612754,IND,21.0,1,4,0.25,0,1,0.0,0.0,0.0,0.0,0.0,0.0,0.0,0.0,0.0,0.0,1,2,0.5,0.0,0.0,0.0
1630216,Cassius Winston,1610612764,WAS,22.0,0,0,0.0,0,1,0.0,1.0,2.0,0.5,1.0,1.0,1.0,0.0,0.0,0.0,2,6,0.333,0.0,0.0,0.0
1626224,Cedi Osman,1610612739,CLE,25.0,40,75,0.533,9,43,0.209,5.0,10.0,0.5,7.0,17.0,0.412,6.0,18.0,0.333,41,124,0.331,0.0,0.0,0.0
1628990,Chandler Hutchison,1610612741,CHI,24.0,2,9,0.222,2,5,0.4,0.0,1.0,0.0,1.0,1.0,1.0,0.0,0.0,0.0,0,2,0.0,0.0,0.0,0.0
1629002,Chimezie Metu,1610612758,SAC,23.0,8,12,0.667,2,7,0.286,2.0,6.0,0.333,0.0,0.0,0.0,0.0,0.0,0.0,1,3,0.333,0.0,0.0,0.0
1628449,Chris Boucher,1610612761,TOR,28.0,73,113,0.646,9,23,0.391,4.0,9.0,0.444,1.0,4.0,0.25,6.0,12.0,0.5,34,77,0.442,0.0,0.0,0.0
1629185,Chris Chiozza,1610612751,BKN,25.0,4,11,0.364,2,6,0.333,1.0,6.0,0.167,0.0,0.0,0.0,0.0,0.0,0.0,5,16,0.313,0.0,1.0,0.0
101108,Chris Paul,1610612756,PHX,35.0,17,29,0.586,36,67,0.537,62.0,122.0,0.508,2.0,5.0,0.4,1.0,4.0,0.25,27,76,0.355,0.0,3.0,0.0
1629735,Chris Silva,1610612748,MIA,24.0,4,6,0.667,0,1,0.0,1.0,1.0,1.0,0.0,0.0,0.0,0.0,0.0,0.0,1,1,1.0,0.0,0.0,0.0
1626174,Christian Wood,1610612745,HOU,25.0,94,114,0.825,14,40,0.35,9.0,37.0,0.243,3.0,7.0,0.429,4.0,5.0,0.8,25,64,0.391,0.0,0.0,0.0
1629643,Chuma Okeke,1610612753,ORL,22.0,4,8,0.5,0,2,0.0,5.0,8.0,0.625,1.0,3.0,0.333,1.0,1.0,1.0,2,11,0.182,0.0,0.0,0.0
203991,Clint Capela,1610612737,ATL,26.0,111,178,0.624,10,40,0.25,1.0,3.0,0.333,0.0,0.0,0.0,0.0,0.0,0.0,0,0,0.0,0.0,0.0,0.0
1629632,Coby White,1610612741,CHI,20.0,33,69,0.478,18,46,0.391,23.0,52.0,0.442,6.0,15.0,0.4,7.0,15.0,0.467,46,132,0.348,0.0,1.0,0.0
1628998,Cody Martin,1610612766,CHA,25.0,13,19,0.684,2,3,0.667,2.0,3.0,0.667,0.0,5.0,0.0,1.0,4.0,0.25,2,4,0.5,0.0,0.0,0.0
203469,Cody Zeller,1610612766,CHA,28.0,41,70,0.586,7,18,0.389,1.0,2.0,0.5,0.0,0.0,0.0,0.0,1.0,0.0,2,14,0.143,0.0,0.0,0.0
1630175,Cole Anthony,1610612753,ORL,20.0,34,63,0.54,20,78,0.256,20.0,45.0,0.444,1.0,5.0,0.2,3.0,7.0,0.429,23,71,0.324,0.0,0.0,0.0
1629012,Collin Sexton,1610612739,CLE,22.0,61,99,0.616,66,141,0.468,17.0,47.0,0.362,4.0,9.0,0.444,0.0,1.0,0.0,29,68,0.426,0.0,0.0,0.0
202709,Cory Joseph,1610612758,SAC,29.0,20,27,0.741,11,30,0.367,7.0,20.0,0.35,4.0,7.0,0.571,4.0,10.0,0.4,5,29,0.172,0.0,0.0,0.0
1626245,Cristiano Felicio,1610612741,CHI,28.0,3,4,0.75,0,0,0.0,0.0,0.0,0.0,0.0,0.0,0.0,0.0,0.0,0.0,0,0,0.0,0.0,0.0,0.0
1626156,D'Angelo Russell,1610612750,MIN,24.0,25,42,0.595,23,54,0.426,32.0,82.0,0.39,4.0,6.0,0.667,0.0,0.0,0.0,55,141,0.39,0.0,1.0,0.0
201571,D.J. Augustin,1610612749,MIL,33.0,8,24,0.333,2,8,0.25,3.0,14.0,0.214,5.0,12.0,0.417,0.0,7.0,0.0,26,60,0.433,0.0,0.0,0.0
1628391,D.J. Wilson,1610612749,MIL,24.0,1,4,0.25,2,4,0.5,3.0,6.0,0.5,2.0,4.0,0.5,3.0,7.0,0.429,3,12,0.25,0.0,0.0,0.0
1629751,Dakota Mathias,1610612755,PHI,25.0,1,3,0.333,1,1,1.0,9.0,18.0,0.5,3.0,4.0,0.75,0.0,3.0,0.0,5,19,0.263,0.0,0.0,0.0
1627745,Damian Jones,1610612756,PHX,25.0,2,6,0.333,2,3,0.667,0.0,0.0,0.0,0.0,0.0,0.0,0.0,0.0,0.0,0,0,0.0,0.0,1.0,0.0
203081,Damian Lillard,1610612757,POR,30.0,71,118,0.602,10,23,0.435,26.0,61.0,0.426,1.0,3.0,0.333,0.0,4.0,0.0,90,227,0.396,0.0,0.0,0.0
1627814,Damion Lee,1610612744,GSW,28.0,7,9,0.778,6,10,0.6,4.0,8.0,0.5,6.0,16.0,0.375,10.0,16.0,0.625,22,59,0.373,0.0,0.0,0.0
1628422,Damyean Dotson,1610612739,CLE,26.0,23,33,0.697,8,14,0.571,10.0,26.0,0.385,6.0,13.0,0.462,1.0,5.0,0.2,16,60,0.267,0.0,1.0,0.0
1629655,Daniel Gafford,1610612741,CHI,22.0,40,55,0.727,8,13,0.615,1.0,4.0,0.25,0.0,0.0,0.0,0.0,0.0,0.0,0,0,0.0,0.0,0.0,0.0
1630187,Daniel Oturu,1610612746,LAC,21.0,6,7,0.857,3,7,0.429,0.0,0.0,0.0,0.0,0.0,0.0,0.0,0.0,0.0,0,1,0.0,0.0,0.0,0.0
1628464,Daniel Theis,1610612738,BOS,28.0,43,54,0.796,14,25,0.56,11.0,21.0,0.524,4.0,8.0,0.5,3.0,8.0,0.375,16,35,0.457,0.0,0.0,0.0
201568,Danilo Gallinari,1610612737,ATL,32.0,6,12,0.5,2,6,0.333,9.0,19.0,0.474,1.0,3.0,0.333,0.0,2.0,0.0,16,42,0.381,0.0,1.0,0.0
201980,Danny Green,1610612755,PHI,33.0,12,20,0.6,6,13,0.462,5.0,16.0,0.313,12.0,38.0,0.316,15.0,35.0,0.429,28,79,0.354,0.0,0.0,0.0
203957,Dante Exum,1610612745,HOU,25.0,6,8,0.75,2,7,0.286,0.0,0.0,0.0,1.0,1.0,1.0,0.0,2.0,0.0,1,8,0.125,0.0,0.0,0.0
1627863,Danuel House Jr.,1610612745,HOU,27.0,22,35,0.629,0,5,0.0,0.0,5.0,0.0,5.0,17.0,0.294,4.0,14.0,0.286,12,41,0.293,0.0,0.0,0.0
203967,Dario Saric,1610612756,PHX,26.0,11,21,0.524,5,7,0.714,0.0,2.0,0.0,4.0,5.0,0.8,1.0,1.0,1.0,5,22,0.227,0.0,0.0,0.0
1629647,Darius Bazley,1610612760,OKC,20.0,53,87,0.609,8,37,0.216,11.0,25.0,0.44,6.0,20.0,0.3,2.0,14.0,0.143,26,87,0.299,0.0,1.0,0.0
1629636,Darius Garland,1610612739,CLE,21.0,33,60,0.55,31,71,0.437,20.0,45.0,0.444,3.0,10.0,0.3,5.0,8.0,0.625,21,54,0.389,0.0,0.0,0.0
203121,Darius Miller,1610612760,OKC,30.0,0,0,0.0,0,0,0.0,1.0,1.0,1.0,1.0,1.0,1.0,1.0,1.0,1.0,5,12,0.417,0.0,1.0,0.0
1628021,David Nwaba,1610612745,HOU,28.0,52,88,0.591,4,11,0.364,0.0,1.0,0.0,0.0,8.0,0.0,6.0,17.0,0.353,7,20,0.35,0.0,0.0,0.0
202722,Davis Bertans,1610612764,WAS,28.0,4,5,0.8,3,7,0.429,1.0,7.0,0.143,3.0,10.0,0.3,5.0,11.0,0.455,42,129,0.326,0.0,1.0,0.0
1628368,De'Aaron Fox,1610612758,SAC,23.0,81,118,0.686,55,118,0.466,22.0,63.0,0.349,3.0,8.0,0.375,3.0,6.0,0.5,40,115,0.348,0.0,0.0,0.0
1629631,De'Andre Hunter,1610612737,ATL,23.0,37,56,0.661,23,37,0.622,18.0,35.0,0.514,5.0,12.0,0.417,4.0,15.0,0.267,21,54,0.389,0.0,1.0,0.0
1629001,De'Anthony Melton,1610612763,MEM,22.0,19,29,0.655,8,21,0.381,2.0,7.0,0.286,4.0,5.0,0.8,3.0,7.0,0.429,12,31,0.387,0.0,0.0,0.0
201599,DeAndre Jordan,1610612751,BKN,32.0,76,96,0.792,5,6,0.833,0.0,1.0,0.0,0.0,0.0,0.0,0.0,0.0,0.0,0,0,0.0,0.0,0.0,0.0
1627761,DeAndre' Bembry,1610612761,TOR,26.0,19,28,0.679,1,5,0.2,0.0,0.0,0.0,1.0,3.0,0.333,0.0,1.0,0.0,6,8,0.75,0.0,0.0,0.0
201942,DeMar DeRozan,1610612759,SAS,31.0,52,93,0.559,40,85,0.471,47.0,94.0,0.5,1.0,7.0,0.143,2.0,6.0,0.333,12,32,0.375,0.0,0.0,0.0
202326,DeMarcus Cousins,1610612745,HOU,30.0,26,66,0.394,6,13,0.462,0.0,2.0,0.0,1.0,2.0,0.5,2.0,4.0,0.5,30,92,0.326,0.0,0.0,0.0
1629731,Dean Wade,1610612739,CLE,24.0,3,6,0.5,1,3,0.333,1.0,4.0,0.25,3.0,5.0,0.6,1.0,2.0,0.5,5,22,0.227,0.0,0.0,0.0
1629028,Deandre Ayton,1610612756,PHX,22.0,99,142,0.697,32,65,0.492,13.0,35.0,0.371,0.0,0.0,0.0,0.0,0.0,0.0,3,14,0.214,0.0,0.0,0.0
1629686,Deividas Sirvydis,1610612765,DET,20.0,0,0,0.0,0,0,0.0,0.0,0.0,0.0,0.0,0.0,0.0,0.0,2.0,0.0,0,0,0.0,,,
1627749,Dejounte Murray,1610612759,SAS,24.0,59,96,0.615,25,72,0.347,40.0,90.0,0.444,3.0,6.0,0.5,5.0,10.0,0.5,18,65,0.277,0.0,0.0,0.0
1626153,Delon Wright,1610612765,DET,28.0,52,87,0.598,9,41,0.22,3.0,11.0,0.273,2.0,8.0,0.25,2.0,7.0,0.286,18,48,0.375,0.0,1.0,0.0
1630166,Deni Avdija,1610612764,WAS,20.0,16,22,0.727,7,17,0.412,2.0,8.0,0.25,2.0,8.0,0.25,4.0,12.0,0.333,17,39,0.436,0.0,1.0,0.0
203471,Dennis Schroder,1610612747,LAL,27.0,57,100,0.57,23,58,0.397,28.0,62.0,0.452,3.0,11.0,0.273,0.0,3.0,0.0,23,68,0.338,0.0,2.0,0.0
1628372,Dennis Smith Jr.,1610612765,DET,23.0,2,4,0.5,1,2,0.5,1.0,4.0,0.25,0.0,0.0,0.0,0.0,0.0,0.0,0,5,0.0,0.0,0.0,0.0
1627756,Denzel Valentine,1610612741,CHI,27.0,3,9,0.333,16,36,0.444,10.0,19.0,0.526,3.0,8.0,0.375,3.0,8.0,0.375,31,79,0.392,0.0,0.0,0.0
202324,Derrick Favors,1610612762,UTA,29.0,39,61,0.639,11,17,0.647,5.0,14.0,0.357,0.0,1.0,0.0,0.0,0.0,0.0,0,0,0.0,0.0,0.0,0.0
1627884,Derrick Jones Jr.,1610612757,POR,23.0,38,59,0.644,1,3,0.333,0.0,1.0,0.0,5.0,13.0,0.385,5.0,20.0,0.25,3,14,0.214,0.0,1.0,0.0
201565,Derrick Rose,1610612752,NYK,32.0,28,61,0.459,22,49,0.449,19.0,41.0,0.463,1.0,2.0,0.5,0.0,2.0,0.0,14,38,0.368,0.0,0.0,0.0
1628401,Derrick White,1610612759,SAS,26.0,7,14,0.5,4,12,0.333,2.0,7.0,0.286,1.0,3.0,0.333,1.0,2.0,0.5,7,28,0.25,0.0,0.0,0.0
1630217,Desmond Bane,1610612763,MEM,22.0,17,31,0.548,6,21,0.286,11.0,18.0,0.611,9.0,19.0,0.474,8.0,15.0,0.533,24,51,0.471,0.0,0.0,0.0
1626164,Devin Booker,1610612756,PHX,24.0,43,66,0.652,38,71,0.535,49.0,102.0,0.48,4.0,7.0,0.571,1.0,2.0,0.5,38,111,0.342,0.0,1.0,0.0
1630170,Devin Vassell,1610612759,SAS,20.0,12,21,0.571,8,18,0.444,5.0,22.0,0.227,6.0,16.0,0.375,6.0,12.0,0.5,12,31,0.387,0.0,0.0,0.0
1629653,Devon Dotson,1610612741,CHI,21.0,1,2,0.5,0,0,0.0,1.0,2.0,0.5,0.0,0.0,0.0,0.0,0.0,0.0,0,0,0.0,0.0,0.0,0.0
1629719,Devontae Cacok,1610612747,LAL,24.0,1,1,1.0,0,0,0.0,,,,0.0,0.0,0.0,0.0,0.0,0.0,0,0,0.0,,,
1628984,Devonte' Graham,1610612766,CHA,25.0,11,31,0.355,4,27,0.148,19.0,43.0,0.442,5.0,11.0,0.455,5.0,11.0,0.455,59,170,0.347,0.0,0.0,0.0
1628415,Dillon Brooks,1610612763,MEM,25.0,30,64,0.469,25,65,0.385,26.0,54.0,0.481,5.0,13.0,0.385,2.0,6.0,0.333,32,108,0.296,0.0,0.0,0.0
1627734,Domantas Sabonis,1610612754,IND,24.0,142,203,0.7,34,87,0.391,6.0,31.0,0.194,4.0,4.0,1.0,1.0,3.0,0.333,23,67,0.343,0.0,0.0,0.0
1628378,Donovan Mitchell,1610612762,UTA,24.0,52,104,0.5,32,73,0.438,24.0,62.0,0.387,8.0,20.0,0.4,2.0,8.0,0.25,73,168,0.435,0.0,2.0,0.0
1628978,Donte DiVincenzo,1610612749,MIL,24.0,37,69,0.536,2,18,0.111,4.0,10.0,0.4,8.0,12.0,0.667,3.0,14.0,0.214,37,91,0.407,0.0,1.0,0.0
1627827,Dorian Finney-Smith,1610612742,DAL,27.0,22,31,0.71,1,6,0.167,1.0,4.0,0.25,7.0,18.0,0.389,9.0,26.0,0.346,13,41,0.317,0.0,0.0,0.0
203926,Doug McDermott,1610612754,IND,29.0,85,128,0.664,6,12,0.5,0.0,3.0,0.0,8.0,22.0,0.364,2.0,6.0,0.333,30,85,0.353,0.0,0.0,0.0
203110,Draymond Green,1610612744,GSW,30.0,26,44,0.591,4,15,0.267,1.0,12.0,0.083,0.0,3.0,0.0,1.0,1.0,1.0,7,36,0.194,0.0,1.0,0.0
1629234,Drew Eubanks,1610612759,SAS,24.0,7,12,0.583,4,15,0.267,2.0,6.0,0.333,0.0,0.0,0.0,0.0,0.0,0.0,0,0,0.0,0.0,0.0,0.0
1629130,Duncan Robinson,1610612748,MIA,26.0,12,19,0.632,4,6,0.667,1.0,7.0,0.143,8.0,25.0,0.32,8.0,23.0,0.348,67,161,0.416,0.0,0.0,0.0
1628407,Dwayne Bacon,1610612753,ORL,25.0,44,81,0.543,16,45,0.356,13.0,45.0,0.289,4.0,13.0,0.308,0.0,1.0,0.0,19,48,0.396,0.0,0.0,0.0
2730,Dwight Howard,1610612755,PHI,35.0,45,74,0.608,6,13,0.462,1.0,2.0,0.5,0.0,1.0,0.0,0.0,0.0,0.0,3,6,0.5,0.0,0.0,0.0
203939,Dwight Powell,1610612742,DAL,29.0,23,36,0.639,0,4,0.0,0.0,0.0,0.0,0.0,0.0,0.0,0.0,0.0,0.0,1,7,0.143,0.0,0.0,0.0
1629685,Dylan Windler,1610612739,CLE,24.0,12,14,0.857,2,3,0.667,1.0,1.0,1.0,1.0,8.0,0.125,3.0,6.0,0.5,6,19,0.316,0.0,0.0,0.0
202734,E'Twaun Moore,1610612756,PHX,31.0,7,17,0.412,14,24,0.583,2.0,6.0,0.333,1.0,4.0,0.25,1.0,2.0,0.5,1,9,0.111,0.0,0.0,0.0
202334,Ed Davis,1610612750,MIN,31.0,17,39,0.436,1,4,0.25,0.0,0.0,0.0,0.0,0.0,0.0,0.0,0.0,0.0,0,0,0.0,0.0,0.0,0.0
1628410,Edmond Sumner,1610612754,IND,25.0,17,25,0.68,1,6,0.167,0.0,0.0,0.0,1.0,3.0,0.333,0.0,4.0,0.0,4,9,0.444,0.0,0.0,0.0
203901,Elfrid Payton,1610612752,NYK,26.0,65,121,0.537,40,97,0.412,14.0,38.0,0.368,2.0,4.0,0.5,4.0,17.0,0.235,7,31,0.226,0.0,0.0,0.0
1630190,Elijah Hughes,1610612762,UTA,22.0,0,0,0.0,1,4,0.25,1.0,1.0,1.0,2.0,2.0,1.0,1.0,1.0,1.0,0,7,0.0,0.0,0.0,0.0
202683,Enes Kanter,1610612757,POR,28.0,96,151,0.636,12,28,0.429,1.0,5.0,0.2,0.0,0.0,0.0,0.0,0.0,0.0,0,0,0.0,0.0,0.0,0.0
202339,Eric Bledsoe,1610612740,NOP,31.0,29,49,0.592,16,40,0.4,15.0,38.0,0.395,7.0,13.0,0.538,3.0,8.0,0.375,41,105,0.39,0.0,1.0,0.0
201569,Eric Gordon,1610612745,HOU,32.0,53,78,0.679,14,30,0.467,0.0,5.0,0.0,2.0,5.0,0.4,2.0,6.0,0.333,52,144,0.361,0.0,0.0,0.0
1629672,Eric Paschall,1610612744,GSW,24.0,43,68,0.632,10,34,0.294,19.0,36.0,0.528,2.0,4.0,0.5,2.0,5.0,0.4,8,23,0.348,0.0,0.0,0.0
203095,Evan Fournier,1610612753,ORL,28.0,23,37,0.622,19,37,0.514,6.0,16.0,0.375,2.0,7.0,0.286,2.0,3.0,0.667,27,78,0.346,0.0,0.0,0.0
1630267,Facundo Campazzo,1610612743,DEN,29.0,3,5,0.6,3,11,0.273,1.0,4.0,0.25,4.0,5.0,0.8,5.0,9.0,0.556,8,32,0.25,0.0,1.0,0.0
1628402,Frank Jackson,1610612765,DET,22.0,0,0,0.0,0,3,0.0,1.0,3.0,0.333,1.0,2.0,0.5,1.0,2.0,0.5,1,6,0.167,0.0,0.0,0.0
1626163,Frank Kaminsky,1610612756,PHX,27.0,22,37,0.595,10,24,0.417,2.0,9.0,0.222,2.0,3.0,0.667,0.0,1.0,0.0,13,31,0.419,0.0,0.0,0.0
1628412,Frank Mason,1610612753,ORL,26.0,7,15,0.467,0,3,0.0,0.0,1.0,0.0,1.0,1.0,1.0,0.0,0.0,0.0,1,4,0.25,0.0,0.0,0.0
1628373,Frank Ntilikina,1610612752,NYK,22.0,0,0,0.0,1,3,0.333,0.0,2.0,0.0,1.0,1.0,1.0,0.0,0.0,0.0,4,7,0.571,0.0,1.0,0.0
1627832,Fred VanVleet,1610612761,TOR,26.0,49,97,0.505,18,50,0.36,24.0,55.0,0.436,1.0,11.0,0.091,4.0,11.0,0.364,78,196,0.398,0.0,2.0,0.0
1627788,Furkan Korkmaz,1610612755,PHI,23.0,12,22,0.545,2,10,0.2,7.0,13.0,0.538,3.0,10.0,0.3,3.0,6.0,0.5,17,46,0.37,0.0,0.0,0.0
1629216,Gabe Vincent,1610612748,MIA,24.0,17,29,0.586,4,8,0.5,2.0,6.0,0.333,2.0,9.0,0.222,1.0,8.0,0.125,14,53,0.264,0.0,0.0,0.0
202066,Garrett Temple,1610612741,CHI,34.0,20,32,0.625,7,17,0.412,8.0,21.0,0.381,10.0,32.0,0.313,8.0,20.0,0.4,17,50,0.34,0.0,0.0,0.0
1629726,Garrison Mathews,1610612764,WAS,24.0,5,5,1.0,2,5,0.4,1.0,6.0,0.167,7.0,15.0,0.467,1.0,2.0,0.5,14,39,0.359,0.0,0.0,0.0
1629109,Gary Clark,1610612753,ORL,26.0,4,4,1.0,2,6,0.333,0.0,3.0,0.0,7.0,15.0,0.467,4.0,14.0,0.286,7,41,0.171,0.0,1.0,0.0
203914,Gary Harris,1610612743,DEN,26.0,36,54,0.667,4,14,0.286,4.0,11.0,0.364,9.0,22.0,0.409,9.0,14.0,0.643,6,36,0.167,0.0,0.0,0.0
1629018,Gary Trent Jr.,1610612757,POR,22.0,16,33,0.485,10,32,0.313,17.0,44.0,0.386,10.0,16.0,0.625,5.0,16.0,0.313,49,116,0.422,0.0,1.0,0.0
201588,George Hill,1610612760,OKC,34.0,24,34,0.706,9,18,0.5,6.0,11.0,0.545,4.0,8.0,0.5,2.0,7.0,0.286,16,42,0.381,0.0,0.0,0.0
1627777,Georges Niang,1610612762,UTA,27.0,9,14,0.643,8,17,0.471,3.0,6.0,0.5,6.0,15.0,0.4,2.0,11.0,0.182,14,49,0.286,0.0,0.0,0.0
203507,Giannis Antetokounmpo,1610612749,MIL,26.0,181,230,0.787,18,56,0.321,20.0,54.0,0.37,1.0,2.0,0.5,0.0,1.0,0.0,26,95,0.274,0.0,0.0,0.0
203922,Glenn Robinson III,1610612758,SAC,27.0,9,19,0.474,12,21,0.571,1.0,5.0,0.2,5.0,18.0,0.278,6.0,8.0,0.75,4,13,0.308,0.0,0.0,0.0
1629048,Goga Bitadze,1610612754,IND,21.0,16,17,0.941,3,8,0.375,1.0,1.0,1.0,0.0,0.0,0.0,0.0,1.0,0.0,2,11,0.182,0.0,0.0,0.0
201609,Goran Dragic,1610612748,MIA,34.0,32,53,0.604,18,37,0.486,11.0,27.0,0.407,3.0,5.0,0.6,2.0,3.0,0.667,23,70,0.329,0.0,0.0,0.0
202330,Gordon Hayward,1610612766,CHA,30.0,66,107,0.617,46,94,0.489,38.0,81.0,0.469,5.0,11.0,0.455,9.0,13.0,0.692,41,105,0.39,0.0,0.0,0.0
203476,Gorgui Dieng,1610612763,MEM,31.0,19,25,0.76,5,11,0.455,5.0,15.0,0.333,2.0,3.0,0.667,4.0,7.0,0.571,13,28,0.464,0.0,0.0,0.0
1629684,Grant Williams,1610612738,BOS,22.0,14,27,0.519,6,13,0.462,2.0,5.0,0.4,9.0,11.0,0.818,3.0,8.0,0.375,10,31,0.323,0.0,0.0,0.0
1628960,Grayson Allen,1610612763,MEM,25.0,5,10,0.5,5,12,0.417,0.0,5.0,0.0,3.0,8.0,0.375,3.0,11.0,0.273,22,54,0.407,0.0,0.0,0.0
1628977,Hamidou Diallo,1610612760,OKC,22.0,72,104,0.692,20,48,0.417,13.0,36.0,0.361,2.0,8.0,0.25,2.0,4.0,0.5,4,20,0.2,1.0,1.0,1.0
203084,Harrison Barnes,1610612758,SAC,28.0,61,98,0.622,28,62,0.452,2.0,8.0,0.25,9.0,14.0,0.643,6.0,15.0,0.4,28,76,0.368,0.0,0.0,0.0
1628385,Harry Giles III,1610612757,POR,22.0,15,28,0.536,2,12,0.167,2.0,5.0,0.4,2.0,2.0,1.0,0.0,1.0,0.0,1,5,0.2,0.0,0.0,0.0
202355,Hassan Whiteside,1610612758,SAC,31.0,26,38,0.684,19,39,0.487,5.0,11.0,0.455,0.0,0.0,0.0,0.0,0.0,0.0,0,1,0.0,0.0,0.0,0.0
1629649,Ignas Brazdeikis,1610612752,NYK,22.0,0,0,0.0,0,0,0.0,0.0,1.0,0.0,,,,,,,0,0,0.0,0.0,0.0,0.0
1630193,Immanuel Quickley,1610612752,NYK,21.0,8,15,0.533,32,70,0.457,10.0,29.0,0.345,1.0,4.0,0.25,1.0,4.0,0.25,32,87,0.368,0.0,0.0,0.0
1629067,Isaac Bonga,1610612764,WAS,21.0,2,7,0.286,3,6,0.5,0.0,0.0,0.0,5.0,11.0,0.455,2.0,4.0,0.5,2,7,0.286,0.0,0.0,0.0
1630171,Isaac Okoro,1610612739,CLE,20.0,40,70,0.571,5,22,0.227,0.0,2.0,0.0,3.0,8.0,0.375,7.0,19.0,0.368,6,31,0.194,0.0,0.0,0.0
1628392,Isaiah Hartenstein,1610612743,DEN,22.0,20,36,0.556,3,11,0.273,0.0,0.0,0.0,0.0,0.0,0.0,0.0,0.0,0.0,0,0,0.0,0.0,0.0,0.0
1630198,Isaiah Joe,1610612755,PHI,21.0,0,1,0.0,1,4,0.25,5.0,9.0,0.556,1.0,1.0,1.0,2.0,9.0,0.222,16,39,0.41,0.0,0.0,0.0
1629676,Isaiah Roby,1610612760,OKC,23.0,38,63,0.603,14,20,0.7,0.0,3.0,0.0,2.0,4.0,0.5,0.0,0.0,0.0,7,23,0.304,0.0,1.0,0.0
1630191,Isaiah Stewart,1610612765,DET,19.0,44,77,0.571,9,19,0.474,0.0,2.0,0.0,0.0,0.0,0.0,0.0,0.0,0.0,1,3,0.333,0.0,0.0,0.0
202397,Ish Smith,1610612764,WAS,32.0,17,35,0.486,11,29,0.379,11.0,30.0,0.367,1.0,4.0,0.25,1.0,3.0,0.333,3,11,0.273,0.0,1.0,0.0
1627826,Ivica Zubac,1610612746,LAC,23.0,67,94,0.713,9,21,0.429,0.0,1.0,0.0,0.0,0.0,0.0,0.0,0.0,0.0,0,1,0.0,0.0,0.0,0.0
200755,JJ Redick,1610612740,NOP,36.0,2,3,0.667,2,7,0.286,13.0,34.0,0.382,3.0,8.0,0.375,5.0,14.0,0.357,26,76,0.342,0.0,0.0,0.0
1629630,Ja Morant,1610612763,MEM,21.0,44,79,0.557,21,46,0.457,3.0,8.0,0.375,0.0,1.0,0.0,1.0,1.0,1.0,10,37,0.27,0.0,0.0,0.0
203960,JaKarr Sampson,1610612754,IND,27.0,7,14,0.5,2,5,0.4,1.0,1.0,1.0,0.0,3.0,0.0,0.0,0.0,0.0,0,0,0.0,0.0,0.0,0.0
203210,JaMychal Green,1610612743,DEN,30.0,25,46,0.543,8,14,0.571,2.0,14.0,0.143,6.0,12.0,0.5,4.0,11.0,0.364,28,62,0.452,0.0,0.0,0.0
201580,JaVale McGee,1610612739,CLE,33.0,27,46,0.587,18,48,0.375,5.0,12.0,0.417,1.0,3.0,0.333,0.0,0.0,0.0,4,12,0.333,0.0,0.0,0.0
1630183,Jaden McDaniels,1610612750,MIN,20.0,11,25,0.44,6,12,0.5,3.0,10.0,0.3,8.0,14.0,0.571,2.0,9.0,0.222,8,26,0.308,0.0,0.0,0.0
203109,Jae Crowder,1610612756,PHX,30.0,11,16,0.688,4,11,0.364,5.0,17.0,0.294,5.0,24.0,0.208,8.0,17.0,0.471,35,99,0.354,0.0,0.0,0.0
1630256,Jae'Sean Tate,1610612745,HOU,25.0,65,89,0.73,12,28,0.429,1.0,6.0,0.167,2.0,11.0,0.182,4.0,9.0,0.444,9,28,0.321,0.0,0.0,0.0
1626143,Jahlil Okafor,1610612765,DET,25.0,21,30,0.7,3,5,0.6,1.0,4.0,0.25,0.0,0.0,0.0,0.0,0.0,0.0,0,3,0.0,0.0,0.0,0.0
1630186,Jahmi'us Ramsey,1610612758,SAC,19.0,1,1,1.0,0,0,0.0,0.0,0.0,0.0,0.0,0.0,0.0,0.0,0.0,0.0,1,3,0.333,,,
1627774,Jake Layman,1610612750,MIN,26.0,31,45,0.689,3,9,0.333,0.0,1.0,0.0,3.0,14.0,0.214,0.0,4.0,0.0,8,19,0.421,0.0,0.0,0.0
1627751,Jakob Poeltl,1610612759,SAS,25.0,56,81,0.691,13,34,0.382,1.0,3.0,0.333,0.0,0.0,0.0,0.0,0.0,0.0,0,0,0.0,0.0,0.0,0.0
1628973,Jalen Brunson,1610612742,DAL,24.0,29,41,0.707,23,48,0.479,18.0,33.0,0.545,5.0,9.0,0.556,4.0,9.0,0.444,15,43,0.349,0.0,0.0,0.0
1630223,Jalen Harris,1610612761,TOR,22.0,0,0,0.0,0,0,0.0,0.0,0.0,0.0,,,,,,,0,0,0.0,,,
1629665,Jalen Lecque,1610612754,IND,20.0,1,2,0.5,0,0,0.0,0.0,1.0,0.0,,,,0.0,0.0,0.0,0,1,0.0,,,
1629667,Jalen McDaniels,1610612766,CHA,23.0,8,11,0.727,2,6,0.333,1.0,2.0,0.5,0.0,2.0,0.0,0.0,1.0,0.0,2,3,0.667,0.0,0.0,0.0
1630188,Jalen Smith,1610612756,PHX,20.0,3,7,0.429,0,2,0.0,1.0,1.0,1.0,0.0,0.0,0.0,2.0,5.0,0.4,0,2,0.0,0.0,0.0,0.0
1627750,Jamal Murray,1610612743,DEN,23.0,40,58,0.69,26,57,0.456,41.0,98.0,0.418,6.0,10.0,0.6,4.0,9.0,0.444,33,106,0.311,0.0,1.0,0.0
203516,James Ennis III,1610612753,ORL,30.0,19,31,0.613,5,15,0.333,3.0,7.0,0.429,5.0,5.0,1.0,2.0,7.0,0.286,7,21,0.333,0.0,0.0,0.0
201935,James Harden,1610612751,BKN,31.0,71,110,0.645,23,52,0.442,2.0,6.0,0.333,0.0,3.0,0.0,4.0,8.0,0.5,53,149,0.356,0.0,1.0,0.0
201949,James Johnson,1610612742,DAL,33.0,38,51,0.745,6,17,0.353,2.0,5.0,0.4,5.0,14.0,0.357,2.0,13.0,0.154,7,23,0.304,0.0,0.0,0.0
1630164,James Wiseman,1610612744,GSW,19.0,62,83,0.747,12,47,0.255,15.0,43.0,0.349,0.0,2.0,0.0,1.0,1.0,1.0,8,19,0.421,0.0,0.0,0.0
201162,Jared Dudley,1610612747,LAL,35.0,0,0,0.0,0,0,0.0,0.0,0.0,0.0,0.0,0.0,0.0,0.0,0.0,0.0,1,1,1.0,0.0,0.0,0.0
1629607,Jared Harper,1610612752,NYK,23.0,0,0,0.0,0,1,0.0,0.0,0.0,0.0,,,,0.0,0.0,0.0,0,0,0.0,,,
1629020,Jarred Vanderbilt,1610612750,MIN,21.0,55,81,0.679,4,14,0.286,0.0,2.0,0.0,1.0,1.0,1.0,0.0,0.0,0.0,0,1,0.0,0.0,0.0,0.0
1629714,Jarrell Brantley,1610612762,UTA,24.0,0,1,0.0,0,0,0.0,0.0,1.0,0.0,1.0,1.0,1.0,0.0,1.0,0.0,2,3,0.667,,,
1628386,Jarrett Allen,1610612739,CLE,22.0,82,109,0.752,15,31,0.484,6.0,13.0,0.462,1.0,1.0,1.0,0.0,0.0,0.0,0,2,0.0,0.0,0.0,0.0
1629633,Jarrett Culver,1610612750,MIN,21.0,37,60,0.617,5,17,0.294,1.0,3.0,0.333,2.0,3.0,0.667,1.0,6.0,0.167,5,22,0.227,0.0,0.0,0.0
1629750,Javonte Green,1610612738,BOS,27.0,15,20,0.75,2,8,0.25,2.0,4.0,0.5,0.0,1.0,0.0,3.0,5.0,0.6,2,12,0.167,0.0,0.0,0.0
1629637,Jaxson Hayes,1610612740,NOP,20.0,27,43,0.628,4,7,0.571,2.0,2.0,1.0,0.0,0.0,0.0,0.0,0.0,0.0,0,0,0.0,0.0,0.0,0.0
1629121,Jaylen Adams,1610612749,MIL,24.0,0,3,0.0,0,2,0.0,1.0,1.0,1.0,0.0,0.0,0.0,0.0,0.0,0.0,0,2,0.0,0.0,0.0,0.0
1627759,Jaylen Brown,1610612738,BOS,24.0,82,110,0.745,41,104,0.394,43.0,85.0,0.506,4.0,8.0,0.5,1.0,6.0,0.167,47,113,0.416,0.0,0.0,0.0
1629669,Jaylen Nowell,1610612750,MIN,21.0,10,18,0.556,15,26,0.577,7.0,15.0,0.467,2.0,4.0,0.5,1.0,2.0,0.5,11,32,0.344,0.0,0.0,0.0
1628369,Jayson Tatum,1610612738,BOS,22.0,58,93,0.624,38,86,0.442,34.0,89.0,0.382,3.0,7.0,0.429,1.0,10.0,0.1,52,118,0.441,0.0,1.0,0.0
201145,Jeff Green,1610612751,BKN,34.0,32,47,0.681,9,20,0.45,5.0,11.0,0.455,7.0,17.0,0.412,11.0,26.0,0.423,23,52,0.442,0.0,3.0,0.0
201952,Jeff Teague,1610612738,BOS,32.0,10,21,0.476,11,43,0.256,4.0,23.0,0.174,1.0,4.0,0.25,2.0,3.0,0.667,11,27,0.407,0.0,0.0,0.0
203924,Jerami Grant,1610612765,DET,26.0,79,126,0.627,23,66,0.348,32.0,88.0,0.364,2.0,17.0,0.118,8.0,19.0,0.421,53,127,0.417,0.0,0.0,0.0
203087,Jeremy Lamb,1610612754,IND,28.0,15,25,0.6,6,14,0.429,6.0,14.0,0.429,0.0,1.0,0.0,2.0,2.0,1.0,24,46,0.522,0.0,1.0,0.0
1629010,Jerome Robinson,1610612764,WAS,23.0,5,8,0.625,1,11,0.091,7.0,17.0,0.412,0.0,0.0,0.0,3.0,7.0,0.429,6,24,0.25,0.0,0.0,0.0
1628975,Jevon Carter,1610612756,PHX,25.0,2,2,1.0,2,6,0.333,7.0,15.0,0.467,1.0,7.0,0.143,1.0,3.0,0.333,12,38,0.316,0.0,1.0,0.0
202710,Jimmy Butler,1610612748,MIA,31.0,41,62,0.661,20,53,0.377,14.0,42.0,0.333,0.0,1.0,0.0,1.0,3.0,0.333,1,14,0.071,0.0,0.0,0.0
203925,Joe Harris,1610612751,BKN,29.0,37,57,0.649,12,22,0.545,11.0,27.0,0.407,11.0,15.0,0.733,13.0,33.0,0.394,65,133,0.489,0.0,0.0,0.0
204060,Joe Ingles,1610612762,UTA,33.0,21,29,0.724,10,19,0.526,0.0,1.0,0.0,7.0,13.0,0.538,5.0,15.0,0.333,35,82,0.427,0.0,1.0,0.0
203954,Joel Embiid,1610612755,PHI,26.0,58,88,0.659,47,89,0.528,54.0,95.0,0.568,1.0,1.0,1.0,0.0,0.0,0.0,22,60,0.367,0.0,0.0,0.0
1628381,John Collins,1610612737,ATL,23.0,95,132,0.72,19,51,0.373,26.0,44.0,0.591,2.0,3.0,0.667,3.0,10.0,0.3,30,73,0.411,0.0,0.0,0.0
1629723,John Konchar,1610612763,MEM,24.0,12,15,0.8,1,8,0.125,1.0,6.0,0.167,3.0,8.0,0.375,0.0,1.0,0.0,3,6,0.5,0.0,0.0,0.0
202322,John Wall,1610612745,HOU,30.0,58,100,0.58,8,20,0.4,12.0,40.0,0.3,0.0,2.0,0.0,2.0,3.0,0.667,31,84,0.369,0.0,1.0,0.0
202685,Jonas Valanciunas,1610612763,MEM,28.0,48,78,0.615,35,60,0.583,1.0,6.0,0.167,0.0,1.0,0.0,2.0,3.0,0.667,4,14,0.286,0.0,0.0,0.0
1628395,Jordan Bell,1610612764,WAS,26.0,4,8,0.5,0,4,0.0,1.0,1.0,1.0,0.0,1.0,0.0,0.0,0.0,0.0,0,1,0.0,0.0,0.0,0.0
1629648,Jordan Bone,1610612753,ORL,23.0,1,1,1.0,5,5,1.0,7.0,16.0,0.438,0.0,8.0,0.0,0.0,2.0,0.0,10,22,0.455,0.0,0.0,0.0
203903,Jordan Clarkson,1610612762,UTA,28.0,39,61,0.639,41,79,0.519,4.0,10.0,0.4,11.0,32.0,0.344,4.0,12.0,0.333,61,158,0.386,0.0,0.0,0.0
1629162,Jordan McLaughlin,1610612750,MIN,24.0,12,25,0.48,8,17,0.471,1.0,7.0,0.143,2.0,4.0,0.5,2.0,3.0,0.667,2,11,0.182,0.0,0.0,0.0
1629670,Jordan Nwora,1610612749,MIL,22.0,5,8,0.625,1,4,0.25,3.0,9.0,0.333,1.0,2.0,0.5,2.0,3.0,0.667,5,11,0.455,0.0,0.0,0.0
1629673,Jordan Poole,1610612744,GSW,21.0,6,7,0.857,5,9,0.556,3.0,7.0,0.429,3.0,5.0,0.6,1.0,2.0,0.5,8,31,0.258,0.0,0.0,0.0
1630182,Josh Green,1610612742,DAL,20.0,11,17,0.647,1,2,0.5,3.0,5.0,0.6,1.0,5.0,0.2,1.0,4.0,0.25,0,3,0.0,0.0,0.0,0.0
1630221,Josh Hall,1610612760,OKC,20.0,2,2,1.0,1,5,0.2,0.0,3.0,0.0,0.0,2.0,0.0,0.0,1.0,0.0,1,4,0.25,0.0,1.0,0.0
1628404,Josh Hart,1610612740,NOP,25.0,28,42,0.667,6,9,0.667,3.0,11.0,0.273,4.0,17.0,0.235,6.0,18.0,0.333,23,58,0.397,0.0,0.0,0.0
1628367,Josh Jackson,1610612765,DET,24.0,53,79,0.671,11,38,0.289,5.0,18.0,0.278,7.0,17.0,0.412,6.0,18.0,0.333,21,72,0.292,0.0,0.0,0.0
1629006,Josh Okogie,1610612750,MIN,22.0,25,43,0.581,1,12,0.083,0.0,4.0,0.0,2.0,7.0,0.286,1.0,7.0,0.143,5,25,0.2,0.0,0.0,0.0
1626196,Josh Richardson,1610612742,DAL,27.0,21,34,0.618,14,33,0.424,14.0,24.0,0.583,4.0,7.0,0.571,1.0,10.0,0.1,23,75,0.307,0.0,0.0,0.0
201950,Jrue Holiday,1610612749,MIL,30.0,75,107,0.701,23,52,0.442,9.0,29.0,0.31,6.0,15.0,0.4,3.0,14.0,0.214,34,82,0.415,0.0,0.0,0.0
1629308,Juan Toscano-Anderson,1610612744,GSW,27.0,18,27,0.667,3,6,0.5,0.0,0.0,0.0,1.0,2.0,0.5,3.0,7.0,0.429,5,8,0.625,0.0,1.0,0.0
1627823,Juancho Hernangomez,1610612750,MIN,25.0,15,29,0.517,0,1,0.0,0.0,0.0,0.0,2.0,5.0,0.4,2.0,8.0,0.25,9,28,0.321,0.0,0.0,0.0
203944,Julius Randle,1610612752,NYK,26.0,68,123,0.553,36,82,0.439,57.0,121.0,0.471,7.0,15.0,0.467,7.0,13.0,0.538,28,81,0.346,0.0,0.0,0.0
203200,Justin Holiday,1610612754,IND,31.0,32,51,0.627,2,5,0.4,7.0,16.0,0.438,12.0,33.0,0.364,15.0,30.0,0.5,34,80,0.425,0.0,0.0,0.0
1628382,Justin Jackson,1610612760,OKC,25.0,13,18,0.722,8,16,0.5,2.0,3.0,0.667,1.0,6.0,0.167,0.0,1.0,0.0,10,37,0.27,0.0,0.0,0.0
1629713,Justin James,1610612758,SAC,24.0,4,6,0.667,1,4,0.25,1.0,1.0,1.0,0.0,1.0,0.0,0.0,1.0,0.0,0,2,0.0,0.0,0.0,0.0
203994,Jusuf Nurkic,1610612757,POR,26.0,34,63,0.54,10,22,0.455,3.0,6.0,0.5,0.0,0.0,0.0,0.0,0.0,0.0,3,11,0.273,0.0,1.0,0.0
1629752,Juwan Morgan,1610612762,UTA,23.0,3,4,0.75,0,0,0.0,0.0,0.0,0.0,0.0,1.0,0.0,1.0,1.0,1.0,2,7,0.286,0.0,0.0,0.0
1629644,KZ Okpala,1610612748,MIA,21.0,3,7,0.429,1,3,0.333,1.0,2.0,0.5,4.0,7.0,0.571,1.0,7.0,0.143,2,5,0.4,0.0,0.0,0.0
1630211,Karim Mane,1610612753,ORL,20.0,0,4,0.0,0,3,0.0,0.0,0.0,0.0,0.0,0.0,0.0,0.0,0.0,0.0,1,2,0.5,0.0,0.0,0.0
1626157,Karl-Anthony Towns,1610612750,MIN,25.0,19,25,0.76,6,21,0.286,4.0,9.0,0.444,0.0,2.0,0.0,2.0,2.0,1.0,6,19,0.316,0.0,0.0,0.0
202695,Kawhi Leonard,1610612746,LAC,29.0,64,82,0.78,56,114,0.491,47.0,113.0,0.416,7.0,11.0,0.636,6.0,11.0,0.545,30,84,0.357,0.0,1.0,0.0
1628966,Keita Bates-Diop,1610612759,SAS,25.0,0,1,0.0,0,3,0.0,0.0,1.0,0.0,0.0,1.0,0.0,,,,0,1,0.0,0.0,0.0,0.0
1629103,Kelan Martin,1610612754,IND,25.0,1,4,0.25,2,4,0.5,1.0,2.0,0.5,1.0,1.0,1.0,1.0,1.0,1.0,0,6,0.0,0.0,0.0,0.0
1629640,Keldon Johnson,1610612759,SAS,21.0,79,136,0.581,19,56,0.339,8.0,17.0,0.471,1.0,8.0,0.125,3.0,6.0,0.5,19,59,0.322,0.0,1.0,0.0
1629833,Keljin Blevins,1610612757,POR,25.0,0,2,0.0,1,4,0.25,0.0,0.0,0.0,0.0,0.0,0.0,0.0,1.0,0.0,0,2,0.0,0.0,0.0,0.0
203482,Kelly Olynyk,1610612748,MIA,29.0,26,32,0.813,6,11,0.545,2.0,9.0,0.222,5.0,23.0,0.217,5.0,10.0,0.5,47,123,0.382,0.0,0.0,0.0
1626162,Kelly Oubre Jr.,1610612744,GSW,25.0,55,97,0.567,22,62,0.355,8.0,20.0,0.4,12.0,31.0,0.387,8.0,26.0,0.308,19,76,0.25,0.0,0.0,0.0
202689,Kemba Walker,1610612738,BOS,30.0,14,28,0.5,6,26,0.231,10.0,31.0,0.323,0.0,1.0,0.0,0.0,0.0,0.0,27,78,0.346,0.0,0.0,0.0
1629134,Kendrick Nunn,1610612748,MIA,25.0,37,53,0.698,13,29,0.448,11.0,22.0,0.5,4.0,16.0,0.25,1.0,4.0,0.25,24,67,0.358,0.0,0.0,0.0
1629026,Kenrich Williams,1610612760,OKC,26.0,29,44,0.659,9,18,0.5,5.0,11.0,0.455,6.0,10.0,0.6,4.0,4.0,1.0,3,15,0.2,0.0,0.0,0.0
203145,Kent Bazemore,1610612744,GSW,31.0,17,25,0.68,9,15,0.6,5.0,13.0,0.385,10.0,14.0,0.714,3.0,8.0,0.375,7,24,0.292,0.0,0.0,0.0
203484,Kentavious Caldwell-Pope,1610612747,LAL,27.0,25,43,0.581,3,8,0.375,6.0,18.0,0.333,9.0,20.0,0.45,11.0,23.0,0.478,15,37,0.405,0.0,0.0,0.0
1630231,Kenyon Martin Jr.,1610612745,HOU,20.0,9,20,0.45,0,3,0.0,0.0,0.0,0.0,1.0,2.0,0.5,0.0,1.0,0.0,0,1,0.0,0.0,0.0,0.0
201142,Kevin Durant,1610612751,BKN,32.0,46,62,0.742,33,67,0.493,53.0,104.0,0.51,1.0,3.0,0.333,4.0,5.0,0.8,43,99,0.434,0.0,0.0,0.0
1628989,Kevin Huerter,1610612737,ATL,22.0,22,38,0.579,24,61,0.393,13.0,27.0,0.481,3.0,7.0,0.429,8.0,18.0,0.444,46,112,0.411,0.0,0.0,0.0
1628995,Kevin Knox II,1610612752,NYK,21.0,14,25,0.56,1,9,0.111,3.0,12.0,0.25,7.0,15.0,0.467,10.0,17.0,0.588,8,32,0.25,0.0,0.0,0.0
201567,Kevin Love,1610612739,CLE,32.0,2,4,0.5,1,3,0.333,0.0,2.0,0.0,0.0,1.0,0.0,0.0,0.0,0.0,3,8,0.375,0.0,0.0,0.0
1626172,Kevon Looney,1610612744,GSW,25.0,27,37,0.73,3,8,0.375,1.0,3.0,0.333,1.0,2.0,0.5,0.0,0.0,0.0,1,3,0.333,0.0,0.0,0.0
203920,Khem Birch,1610612753,ORL,28.0,34,52,0.654,19,44,0.432,6.0,18.0,0.333,1.0,7.0,0.143,1.0,1.0,1.0,0,1,0.0,0.0,0.0,0.0
203114,Khris Middleton,1610612749,MIL,29.0,50,75,0.667,27,49,0.551,49.0,102.0,0.48,4.0,11.0,0.364,7.0,13.0,0.538,52,116,0.448,0.0,0.0,0.0
1630165,Killian Hayes,1610612765,DET,19.0,3,9,0.333,3,12,0.25,2.0,6.0,0.333,0.0,3.0,0.0,1.0,5.0,0.2,4,12,0.333,0.0,0.0,0.0
1630184,Kira Lewis Jr.,1610612740,NOP,19.0,15,28,0.536,4,15,0.267,0.0,2.0,0.0,1.0,2.0,0.5,1.0,1.0,1.0,4,13,0.308,0.0,0.0,0.0
1628961,Kostas Antetokounmpo,1610612747,LAL,23.0,0,1,0.0,0,1,0.0,0.0,0.0,0.0,0.0,0.0,0.0,,,,0,0,0.0,0.0,0.0,0.0
204001,Kristaps Porzingis,1610612742,DAL,25.0,48,67,0.716,18,47,0.383,18.0,43.0,0.419,4.0,5.0,0.8,2.0,4.0,0.5,24,82,0.293,0.0,1.0,0.0
203937,Kyle Anderson,1610612763,MEM,27.0,28,50,0.56,26,51,0.51,12.0,27.0,0.444,9.0,20.0,0.45,7.0,17.0,0.412,17,51,0.333,0.0,1.0,0.0
1629657,Kyle Guy,1610612758,SAC,23.0,1,3,0.333,1,4,0.25,2.0,5.0,0.4,2.0,3.0,0.667,1.0,4.0,0.25,1,7,0.143,0.0,0.0,0.0
1628398,Kyle Kuzma,1610612747,LAL,25.0,45,72,0.625,7,23,0.304,10.0,30.0,0.333,6.0,19.0,0.316,6.0,21.0,0.286,32,79,0.405,0.0,0.0,0.0
200768,Kyle Lowry,1610612761,TOR,34.0,39,65,0.6,17,33,0.515,16.0,39.0,0.41,6.0,13.0,0.462,1.0,5.0,0.2,57,151,0.377,0.0,0.0,0.0
202681,Kyrie Irving,1610612751,BKN,28.0,55,84,0.655,45,80,0.563,38.0,74.0,0.514,3.0,4.0,0.75,2.0,5.0,0.4,45,113,0.398,0.0,0.0,0.0
200746,LaMarcus Aldridge,1610612759,SAS,35.0,20,32,0.625,6,23,0.261,57.0,103.0,0.553,2.0,7.0,0.286,3.0,5.0,0.6,19,55,0.345,0.0,0.0,0.0
1630163,LaMelo Ball,1610612766,CHA,19.0,63,115,0.548,16,44,0.364,12.0,26.0,0.462,3.0,13.0,0.231,3.0,11.0,0.273,40,103,0.388,0.0,1.0,0.0
1630205,Lamar Stevens,1610612739,CLE,23.0,13,21,0.619,1,10,0.1,8.0,17.0,0.471,1.0,2.0,0.5,0.0,1.0,0.0,0,10,0.0,0.0,0.0,0.0
1629013,Landry Shamet,1610612751,BKN,23.0,8,17,0.471,3,8,0.375,4.0,11.0,0.364,4.0,12.0,0.333,3.0,12.0,0.25,27,76,0.355,0.0,0.0,0.0
204038,Langston Galloway,1610612756,PHX,29.0,2,5,0.4,4,10,0.4,8.0,15.0,0.533,6.0,7.0,0.857,6.0,18.0,0.333,8,17,0.471,0.0,0.0,0.0
1626204,Larry Nance Jr.,1610612739,CLE,28.0,33,49,0.673,8,20,0.4,5.0,13.0,0.385,3.0,11.0,0.273,2.0,5.0,0.4,19,47,0.404,0.0,0.0,0.0
1628374,Lauri Markkanen,1610612741,CHI,23.0,39,50,0.78,16,29,0.552,0.0,5.0,0.0,9.0,14.0,0.643,5.0,10.0,0.5,26,76,0.342,0.0,1.0,0.0
2544,LeBron James,1610612747,LAL,36.0,121,167,0.725,23,56,0.411,28.0,88.0,0.318,4.0,7.0,0.571,3.0,7.0,0.429,64,166,0.386,0.0,0.0,0.0
1629022,Lonnie Walker IV,1610612759,SAS,22.0,33,69,0.478,10,30,0.333,12.0,31.0,0.387,5.0,11.0,0.455,3.0,11.0,0.273,29,79,0.367,0.0,1.0,0.0
1628366,Lonzo Ball,1610612740,NOP,23.0,32,51,0.627,5,24,0.208,13.0,25.0,0.52,12.0,21.0,0.571,7.0,14.0,0.5,39,120,0.325,0.0,0.0,0.0
101150,Lou Williams,1610612746,LAC,34.0,22,36,0.611,20,51,0.392,24.0,69.0,0.348,6.0,14.0,0.429,4.0,9.0,0.444,15,39,0.385,0.0,0.0,0.0
1629652,Luguentz Dort,1610612760,OKC,21.0,40,70,0.571,12,32,0.375,2.0,3.0,0.667,5.0,11.0,0.455,5.0,13.0,0.385,31,101,0.307,0.0,0.0,0.0
1629029,Luka Doncic,1610612742,DAL,21.0,81,132,0.614,71,138,0.514,33.0,73.0,0.452,1.0,1.0,1.0,0.0,0.0,0.0,54,175,0.309,0.0,2.0,0.0
1629677,Luka Samanic,1610612759,SAS,21.0,0,3,0.0,0,0,0.0,0.0,0.0,0.0,,,,,,,2,3,0.667,,,
1628379,Luke Kennard,1610612746,LAC,24.0,17,23,0.739,14,30,0.467,6.0,23.0,0.261,9.0,20.0,0.45,9.0,16.0,0.563,23,56,0.411,0.0,0.0,0.0
1628436,Luke Kornet,1610612741,CHI,25.0,0,0,0.0,0,0,0.0,0.0,0.0,0.0,0.0,0.0,0.0,0.0,0.0,0.0,0,2,0.0,0.0,0.0,0.0
1630201,Malachi Flynn,1610612761,TOR,22.0,2,4,0.5,3,6,0.5,1.0,6.0,0.167,1.0,1.0,1.0,1.0,2.0,0.5,3,19,0.158,0.0,1.0,0.0
1627763,Malcolm Brogdon,1610612754,IND,28.0,83,176,0.472,22,50,0.44,36.0,72.0,0.5,4.0,9.0,0.444,3.0,7.0,0.429,61,160,0.381,0.0,0.0,0.0
1627736,Malik Beasley,1610612750,MIN,24.0,61,109,0.56,28,59,0.475,21.0,45.0,0.467,14.0,33.0,0.424,9.0,21.0,0.429,55,151,0.364,0.0,0.0,0.0
1628370,Malik Monk,1610612766,CHA,23.0,9,22,0.409,5,12,0.417,4.0,9.0,0.444,3.0,4.0,0.75,2.0,4.0,0.5,22,49,0.449,0.0,0.0,0.0
201188,Marc Gasol,1610612747,LAL,36.0,5,8,0.625,11,23,0.478,2.0,8.0,0.25,1.0,2.0,0.5,1.0,2.0,0.5,12,41,0.293,0.0,0.0,0.0
202694,Marcus Morris Sr.,1610612746,LAC,31.0,5,9,0.556,11,31,0.355,15.0,36.0,0.417,9.0,13.0,0.692,7.0,10.0,0.7,20,58,0.345,0.0,0.0,0.0
203935,Marcus Smart,1610612738,BOS,26.0,14,38,0.368,15,30,0.5,17.0,30.0,0.567,5.0,11.0,0.455,2.0,4.0,0.5,21,73,0.288,0.0,2.0,0.0
1628365,Markelle Fultz,1610612753,ORL,22.0,20,30,0.667,11,30,0.367,6.0,28.0,0.214,0.0,2.0,0.0,0.0,0.0,0.0,4,14,0.286,0.0,0.0,0.0
202693,Markieff Morris,1610612747,LAL,31.0,8,10,0.8,2,7,0.286,6.0,11.0,0.545,2.0,8.0,0.25,7.0,12.0,0.583,8,35,0.229,0.0,0.0,0.0
1630210,Markus Howard,1610612743,DEN,21.0,1,3,0.333,0,0,0.0,2.0,4.0,0.5,0.0,1.0,0.0,0.0,0.0,0.0,3,17,0.176,0.0,0.0,0.0
1629716,Marques Bolden,1610612739,CLE,22.0,1,1,1.0,0,1,0.0,0.0,1.0,0.0,0.0,0.0,0.0,0.0,0.0,0.0,0,0,0.0,0.0,0.0,0.0
1627737,Marquese Chriss,1610612744,GSW,23.0,4,7,0.571,0,2,0.0,0.0,0.0,0.0,0.0,0.0,0.0,0.0,1.0,0.0,1,4,0.25,0.0,0.0,0.0
1628963,Marvin Bagley III,1610612758,SAC,21.0,63,95,0.663,29,79,0.367,4.0,15.0,0.267,12.0,24.0,0.5,2.0,8.0,0.25,11,35,0.314,0.0,0.0,0.0
1630222,Mason Jones,1610612745,HOU,22.0,6,12,0.5,5,9,0.556,4.0,7.0,0.571,3.0,3.0,1.0,1.0,2.0,0.5,13,28,0.464,0.0,0.0,0.0
203486,Mason Plumlee,1610612765,DET,30.0,82,111,0.739,10,30,0.333,4.0,16.0,0.25,0.0,1.0,0.0,0.0,1.0,0.0,0,3,0.0,0.0,0.0,0.0
1629680,Matisse Thybulle,1610612755,PHI,23.0,11,20,0.55,3,8,0.375,0.0,0.0,0.0,2.0,12.0,0.167,0.0,4.0,0.0,9,28,0.321,0.0,0.0,0.0
1629744,Matt Thomas,1610612761,TOR,26.0,1,1,1.0,0,3,0.0,1.0,3.0,0.333,3.0,4.0,0.75,0.0,0.0,0.0,6,16,0.375,0.0,0.0,0.0
203090,Maurice Harkless,1610612748,MIA,27.0,0,2,0.0,0,0,0.0,0.0,0.0,0.0,1.0,2.0,0.5,2.0,3.0,0.667,1,3,0.333,0.0,0.0,0.0
1629622,Max Strus,1610612748,MIA,24.0,11,11,1.0,0,0,0.0,0.0,1.0,0.0,3.0,8.0,0.375,4.0,8.0,0.5,16,38,0.421,0.0,0.0,0.0
1628467,Maxi Kleber,1610612742,DAL,29.0,6,11,0.545,0,4,0.0,1.0,4.0,0.25,2.0,9.0,0.222,5.0,7.0,0.714,18,37,0.486,0.0,0.0,0.0
203086,Meyers Leonard,1610612748,MIA,28.0,0,0,0.0,0,0,0.0,0.0,0.0,0.0,0.0,0.0,0.0,0.0,0.0,0.0,3,7,0.429,0.0,0.0,0.0
1629662,Mfiondu Kabengele,1610612746,LAC,23.0,2,4,0.5,1,3,0.333,0.0,1.0,0.0,0.0,0.0,0.0,0.0,1.0,0.0,2,9,0.222,0.0,0.0,0.0
203487,Michael Carter-Williams,1610612753,ORL,29.0,4,6,0.667,8,21,0.381,2.0,5.0,0.4,1.0,3.0,0.333,0.0,1.0,0.0,0,8,0.0,0.0,0.0,0.0
1629008,Michael Porter Jr.,1610612743,DEN,22.0,29,39,0.744,7,14,0.5,7.0,21.0,0.333,5.0,11.0,0.455,6.0,10.0,0.6,23,56,0.411,0.0,0.0,0.0
1628969,Mikal Bridges,1610612756,PHX,24.0,50,70,0.714,20,39,0.513,8.0,18.0,0.444,15.0,28.0,0.536,11.0,35.0,0.314,21,57,0.368,0.0,0.0,0.0
201144,Mike Conley,1610612762,UTA,33.0,21,38,0.553,37,72,0.514,9.0,25.0,0.36,5.0,7.0,0.714,7.0,23.0,0.304,52,124,0.419,0.0,2.0,0.0
203488,Mike Muscala,1610612760,OKC,29.0,16,27,0.593,4,8,0.5,7.0,16.0,0.438,7.0,14.0,0.5,5.0,11.0,0.455,32,90,0.356,0.0,1.0,0.0
203118,Mike Scott,1610612755,PHI,32.0,3,3,1.0,1,2,0.5,1.0,3.0,0.333,3.0,7.0,0.429,0.0,4.0,0.0,6,25,0.24,0.0,0.0,0.0
1628970,Miles Bridges,1610612766,CHA,22.0,54,81,0.667,9,24,0.375,2.0,15.0,0.133,9.0,19.0,0.474,6.0,14.0,0.429,20,59,0.339,0.0,1.0,0.0
1629011,Mitchell Robinson,1610612752,NYK,22.0,98,147,0.667,0,3,0.0,0.0,0.0,0.0,0.0,0.0,0.0,0.0,0.0,0.0,0,0,0.0,0.0,0.0,0.0
1629671,Miye Oni,1610612762,UTA,23.0,0,3,0.0,0,0,0.0,0.0,0.0,0.0,2.0,4.0,0.5,1.0,4.0,0.25,4,12,0.333,0.0,0.0,0.0
1628964,Mo Bamba,1610612753,ORL,22.0,14,16,0.875,2,3,0.667,3.0,6.0,0.5,0.0,0.0,0.0,0.0,0.0,0.0,3,10,0.3,0.0,0.0,0.0
1628420,Monte Morris,1610612743,DEN,25.0,39,52,0.75,20,43,0.465,14.0,31.0,0.452,1.0,9.0,0.111,3.0,12.0,0.25,26,59,0.441,0.0,1.0,0.0
1626149,Montrezl Harrell,1610612747,LAL,27.0,107,139,0.77,25,51,0.49,12.0,28.0,0.429,0.0,1.0,0.0,0.0,0.0,0.0,0,3,0.0,0.0,0.0,0.0
1629021,Moritz Wagner,1610612764,WAS,23.0,12,13,0.923,5,10,0.5,1.0,1.0,1.0,0.0,1.0,0.0,0.0,1.0,0.0,4,10,0.4,0.0,0.0,0.0
1629650,Moses Brown,1610612760,OKC,21.0,6,7,0.857,1,3,0.333,0.0,0.0,0.0,0.0,0.0,0.0,0.0,0.0,0.0,0,0,0.0,0.0,0.0,0.0
1628539,Mychal Mulder,1610612744,GSW,26.0,6,8,0.75,0,0,0.0,0.0,0.0,0.0,4.0,6.0,0.667,4.0,10.0,0.4,15,38,0.395,0.0,0.0,0.0
1626167,Myles Turner,1610612754,IND,24.0,61,85,0.718,13,20,0.65,5.0,12.0,0.417,5.0,9.0,0.556,3.0,14.0,0.214,28,85,0.329,0.0,0.0,0.0
1630230,Naji Marshall,1610612740,NOP,23.0,0,0,0.0,0,1,0.0,0.0,0.0,0.0,0.0,0.0,0.0,0.0,0.0,0.0,0,1,0.0,0.0,0.0,0.0
1629642,Nassir Little,1610612757,POR,21.0,5,10,0.5,1,4,0.25,2.0,3.0,0.667,0.0,0.0,0.0,2.0,2.0,1.0,5,10,0.5,0.0,0.0,0.0
1630207,Nate Hinton,1610612742,DAL,21.0,0,1,0.0,0,2,0.0,2.0,5.0,0.4,0.0,0.0,0.0,0.0,1.0,0.0,1,4,0.25,0.0,0.0,0.0
1630233,Nathan Knight,1610612737,ATL,23.0,3,10,0.3,1,1,1.0,0.0,0.0,0.0,0.0,1.0,0.0,1.0,2.0,0.5,2,4,0.5,0.0,0.0,0.0
1629675,Naz Reid,1610612750,MIN,21.0,63,94,0.67,25,49,0.51,1.0,7.0,0.143,5.0,14.0,0.357,2.0,4.0,0.5,19,49,0.388,0.0,0.0,0.0
202357,Nemanja Bjelica,1610612758,SAC,32.0,10,13,0.769,6,13,0.462,0.0,4.0,0.0,1.0,1.0,1.0,1.0,2.0,0.5,3,18,0.167,0.0,0.0,0.0
203457,Nerlens Noel,1610612752,NYK,26.0,29,41,0.707,2,9,0.222,0.0,5.0,0.0,0.0,0.0,0.0,0.0,0.0,0.0,0,2,0.0,0.0,0.0,0.0
1630208,Nick Richards,1610612766,CHA,23.0,3,5,0.6,0,1,0.0,0.0,0.0,0.0,0.0,0.0,0.0,0.0,0.0,0.0,0,0,0.0,0.0,0.0,0.0
1629638,Nickeil Alexander-Walker,1610612740,NOP,22.0,30,58,0.517,9,19,0.474,11.0,21.0,0.524,5.0,14.0,0.357,3.0,12.0,0.25,15,60,0.25,0.0,0.0,0.0
1630185,Nico Mannion,1610612744,GSW,19.0,1,1,1.0,0,2,0.0,0.0,1.0,0.0,0.0,0.0,0.0,0.0,0.0,0.0,2,9,0.222,0.0,0.0,0.0
201587,Nicolas Batum,1610612746,LAC,32.0,24,35,0.686,0,4,0.0,8.0,18.0,0.444,17.0,31.0,0.548,7.0,21.0,0.333,31,67,0.463,0.0,0.0,0.0
1629740,Nicolo Melli,1610612740,NOP,30.0,0,1,0.0,1,2,0.5,1.0,3.0,0.333,0.0,1.0,0.0,1.0,3.0,0.333,4,17,0.235,0.0,0.0,0.0
203999,Nikola Jokic,1610612743,DEN,25.0,97,139,0.698,81,144,0.563,37.0,71.0,0.521,0.0,0.0,0.0,0.0,3.0,0.0,34,82,0.415,0.0,0.0,0.0
202696,Nikola Vucevic,1610612753,ORL,30.0,51,78,0.654,62,126,0.492,56.0,126.0,0.444,1.0,1.0,1.0,0.0,1.0,0.0,64,154,0.416,0.0,0.0,0.0
203943,Noah Vonleh,1610612751,BKN,25.0,0,0,0.0,0,0,0.0,0.0,0.0,0.0,,,,0.0,0.0,0.0,0,0,0.0,,,
1626181,Norman Powell,1610612761,TOR,27.0,55,97,0.567,8,34,0.235,12.0,26.0,0.462,12.0,27.0,0.444,10.0,19.0,0.526,34,85,0.4,0.0,1.0,0.0
203658,Norvel Pelle,1610612751,BKN,28.0,3,6,0.5,0,1,0.0,0.0,0.0,0.0,0.0,0.0,0.0,0.0,0.0,0.0,0,0,0.0,0.0,0.0,0.0
1628384,OG Anunoby,1610612761,TOR,23.0,39,58,0.672,5,18,0.278,1.0,5.0,0.2,8.0,20.0,0.4,12.0,24.0,0.5,21,51,0.412,0.0,1.0,0.0
1630167,Obi Toppin,1610612752,NYK,22.0,18,28,0.643,0,2,0.0,3.0,6.0,0.5,1.0,7.0,0.143,1.0,6.0,0.167,6,16,0.375,0.0,0.0,0.0
1630168,Onyeka Okongwu,1610612737,ATL,20.0,7,11,0.636,2,4,0.5,0.0,3.0,0.0,0.0,0.0,0.0,0.0,0.0,0.0,0,0,0.0,0.0,0.0,0.0
203490,Otto Porter Jr.,1610612741,CHI,27.0,17,25,0.68,9,24,0.375,10.0,26.0,0.385,8.0,17.0,0.471,3.0,7.0,0.429,17,45,0.378,0.0,0.0,0.0
200782,P.J. Tucker,1610612745,HOU,35.0,15,28,0.536,1,6,0.167,2.0,5.0,0.4,13.0,30.0,0.433,9.0,27.0,0.333,2,12,0.167,0.0,0.0,0.0
1629023,P.J. Washington,1610612766,CHA,22.0,52,100,0.52,17,42,0.405,2.0,10.0,0.2,4.0,7.0,0.571,2.0,7.0,0.286,20,64,0.313,0.0,1.0,0.0
1628408,PJ Dozier,1610612743,DEN,24.0,22,34,0.647,5,19,0.263,2.0,4.0,0.5,3.0,5.0,0.6,2.0,6.0,0.333,10,26,0.385,0.0,0.0,0.0
1627783,Pascal Siakam,1610612761,TOR,26.0,87,134,0.649,42,99,0.424,20.0,52.0,0.385,2.0,10.0,0.2,3.0,8.0,0.375,23,75,0.307,0.0,0.0,0.0
1626192,Pat Connaughton,1610612749,MIL,28.0,15,27,0.556,1,2,0.5,0.0,3.0,0.0,1.0,4.0,0.25,5.0,13.0,0.385,22,54,0.407,0.0,0.0,0.0
201976,Patrick Beverley,1610612746,LAC,32.0,10,27,0.37,5,9,0.556,0.0,2.0,0.0,4.0,10.0,0.4,6.0,10.0,0.6,19,51,0.373,0.0,0.0,0.0
202335,Patrick Patterson,1610612746,LAC,31.0,1,1,1.0,0,0,0.0,3.0,5.0,0.6,4.0,10.0,0.4,3.0,6.0,0.5,2,7,0.286,0.0,0.0,0.0
1630172,Patrick Williams,1610612741,CHI,19.0,31,48,0.646,16,41,0.39,20.0,47.0,0.426,4.0,11.0,0.364,5.0,11.0,0.455,12,31,0.387,0.0,0.0,0.0
201988,Patty Mills,1610612759,SAS,32.0,30,54,0.556,3,12,0.25,21.0,38.0,0.553,9.0,19.0,0.474,6.0,13.0,0.462,50,130,0.385,0.0,0.0,0.0
202331,Paul George,1610612746,LAC,30.0,45,70,0.643,19,45,0.422,29.0,59.0,0.492,7.0,12.0,0.583,15.0,21.0,0.714,53,124,0.427,0.0,0.0,0.0
200794,Paul Millsap,1610612743,DEN,36.0,46,62,0.742,11,30,0.367,2.0,9.0,0.222,5.0,9.0,0.556,4.0,8.0,0.5,21,56,0.375,0.0,0.0,0.0
1630194,Paul Reed,1610612755,PHI,21.0,3,6,0.5,3,8,0.375,3.0,5.0,0.6,0.0,0.0,0.0,0.0,1.0,0.0,0,2,0.0,0.0,0.0,0.0
1628778,Paul Watson,1610612761,TOR,26.0,1,1,1.0,0,1,0.0,0.0,1.0,0.0,2.0,3.0,0.667,0.0,1.0,0.0,6,7,0.857,0.0,0.0,0.0
1630202,Payton Pritchard,1610612738,BOS,23.0,16,23,0.696,5,13,0.385,4.0,11.0,0.364,4.0,7.0,0.571,4.0,6.0,0.667,22,51,0.431,0.0,0.0,0.0
1630173,Precious Achiuwa,1610612748,MIA,21.0,57,86,0.663,5,16,0.313,1.0,5.0,0.2,0.0,0.0,0.0,0.0,0.0,0.0,0,0,0.0,0.0,0.0,0.0
1626188,Quinn Cook,1610612747,LAL,27.0,1,3,0.333,1,1,1.0,2.0,5.0,0.4,1.0,2.0,0.5,0.0,1.0,0.0,3,7,0.429,0.0,0.0,0.0
1629683,Quinndary Weatherspoon,1610612759,SAS,24.0,0,0,0.0,0,1,0.0,0.0,1.0,0.0,0.0,0.0,0.0,,,,0,0,0.0,0.0,0.0,0.0
1630181,R.J. Hampton,1610612743,DEN,20.0,4,10,0.4,4,8,0.5,1.0,3.0,0.333,0.0,0.0,0.0,2.0,4.0,0.5,1,2,0.5,0.0,0.0,0.0
1629628,RJ Barrett,1610612752,NYK,20.0,95,166,0.572,29,80,0.363,19.0,52.0,0.365,6.0,16.0,0.375,8.0,28.0,0.286,12,49,0.245,0.0,0.0,0.0
200765,Rajon Rondo,1610612737,ATL,34.0,8,17,0.471,0,6,0.0,3.0,6.0,0.5,0.0,0.0,0.0,1.0,2.0,0.5,7,24,0.292,0.0,0.0,0.0
203526,Raul Neto,1610612764,WAS,28.0,13,29,0.448,18,30,0.6,3.0,7.0,0.429,1.0,5.0,0.2,2.0,6.0,0.333,17,41,0.415,0.0,1.0,0.0
203493,Reggie Bullock,1610612752,NYK,29.0,14,26,0.538,8,15,0.533,10.0,29.0,0.345,7.0,21.0,0.333,5.0,12.0,0.417,25,65,0.385,0.0,1.0,0.0
202704,Reggie Jackson,1610612746,LAC,30.0,24,36,0.667,8,27,0.296,8.0,20.0,0.4,4.0,9.0,0.444,2.0,6.0,0.333,24,62,0.387,0.0,0.0,0.0
1629617,Reggie Perry,1610612751,BKN,20.0,19,34,0.559,0,5,0.0,0.0,0.0,0.0,0.0,1.0,0.0,0.0,2.0,0.0,2,9,0.222,0.0,0.0,0.0
1626158,Richaun Holmes,1610612758,SAC,27.0,62,82,0.756,50,79,0.633,13.0,27.0,0.481,0.0,0.0,0.0,0.0,1.0,0.0,1,3,0.333,0.0,1.0,0.0
201937,Ricky Rubio,1610612750,MIN,30.0,18,39,0.462,13,36,0.361,9.0,22.0,0.409,1.0,7.0,0.143,0.0,3.0,0.0,7,28,0.25,0.0,0.0,0.0
203496,Robert Covington,1610612757,POR,30.0,16,30,0.533,2,11,0.182,2.0,4.0,0.5,1.0,7.0,0.143,4.0,12.0,0.333,29,94,0.309,0.0,0.0,0.0
1629057,Robert Williams III,1610612738,BOS,23.0,43,55,0.782,1,3,0.333,3.0,6.0,0.5,0.0,0.0,0.0,0.0,0.0,0.0,0,0,0.0,0.0,1.0,0.0
1630218,Robert Woodard II,1610612758,SAC,21.0,4,5,0.8,0,2,0.0,1.0,1.0,1.0,0.0,0.0,0.0,0.0,0.0,0.0,1,3,0.333,,,
201577,Robin Lopez,1610612764,WAS,32.0,36,54,0.667,29,48,0.604,0.0,1.0,0.0,2.0,6.0,0.333,0.0,2.0,0.0,2,3,0.667,0.0,0.0,0.0
1629066,Rodions Kurucs,1610612745,HOU,23.0,2,4,0.5,0,0,0.0,0.0,1.0,0.0,1.0,2.0,0.5,1.0,1.0,1.0,1,10,0.1,0.0,0.0,0.0
203918,Rodney Hood,1610612757,POR,28.0,5,13,0.385,6,23,0.261,15.0,31.0,0.484,1.0,2.0,0.5,2.0,12.0,0.167,11,29,0.379,0.0,0.0,0.0
203585,Rodney McGruder,1610612765,DET,29.0,2,4,0.5,3,6,0.5,1.0,2.0,0.5,2.0,2.0,1.0,0.0,2.0,0.0,1,3,0.333,0.0,0.0,0.0
1626220,Royce O'Neale,1610612762,UTA,27.0,19,32,0.594,2,9,0.222,0.0,2.0,0.0,7.0,17.0,0.412,11.0,24.0,0.458,28,60,0.467,0.0,0.0,0.0
200752,Rudy Gay,1610612759,SAS,34.0,21,39,0.538,20,48,0.417,21.0,48.0,0.438,3.0,8.0,0.375,4.0,14.0,0.286,32,81,0.395,0.0,0.0,0.0
203497,Rudy Gobert,1610612762,UTA,28.0,127,186,0.683,5,24,0.208,0.0,3.0,0.0,0.0,0.0,0.0,0.0,0.0,0.0,0,0,0.0,0.0,0.0,0.0
1629060,Rui Hachimura,1610612764,WAS,23.0,31,49,0.633,16,38,0.421,10.0,31.0,0.323,2.0,4.0,0.5,2.0,7.0,0.286,10,28,0.357,0.0,0.0,0.0
201566,Russell Westbrook,1610612764,WAS,32.0,41,63,0.651,13,43,0.302,32.0,89.0,0.36,4.0,6.0,0.667,3.0,6.0,0.5,16,55,0.291,0.0,0.0,0.0
1627853,Ryan Arcidiacono,1610612741,CHI,26.0,0,1,0.0,2,4,0.5,0.0,2.0,0.0,1.0,1.0,1.0,1.0,2.0,0.5,4,9,0.444,0.0,1.0,0.0
1630240,Saben Lee,1610612765,DET,21.0,4,8,0.5,1,4,0.25,0.0,1.0,0.0,0.0,0.0,0.0,0.0,0.0,0.0,0,1,0.0,0.0,0.0,0.0
1630180,Saddiq Bey,1610612765,DET,21.0,12,25,0.48,5,17,0.294,2.0,9.0,0.222,8.0,17.0,0.471,4.0,11.0,0.364,26,73,0.356,0.0,0.0,0.0
1630241,Sam Merrill,1610612749,MIL,24.0,0,1,0.0,0,1,0.0,0.0,0.0,0.0,1.0,1.0,1.0,0.0,0.0,0.0,3,7,0.429,0.0,0.0,0.0
1630253,Sean McDermott,1610612763,MEM,24.0,1,1,1.0,0,0,0.0,0.0,1.0,0.0,0.0,1.0,0.0,1.0,3.0,0.333,0,1,0.0,0.0,0.0,0.0
1629635,Sekou Doumbouya,1610612765,DET,20.0,24,45,0.533,2,14,0.143,0.0,4.0,0.0,0.0,3.0,0.0,2.0,9.0,0.222,8,27,0.296,0.0,0.0,0.0
1628400,Semi Ojeleye,1610612738,BOS,26.0,12,17,0.706,3,5,0.6,2.0,11.0,0.182,10.0,19.0,0.526,6.0,18.0,0.333,10,31,0.323,0.0,0.0,0.0
201586,Serge Ibaka,1610612746,LAC,31.0,49,74,0.662,27,59,0.458,16.0,28.0,0.571,0.0,0.0,0.0,1.0,3.0,0.333,25,63,0.397,0.0,0.0,0.0
203552,Seth Curry,1610612755,PHI,30.0,12,22,0.545,11,19,0.579,19.0,43.0,0.442,6.0,9.0,0.667,7.0,10.0,0.7,25,56,0.446,0.0,0.0,0.0
1628983,Shai Gilgeous-Alexander,1610612760,OKC,22.0,84,131,0.641,34,72,0.472,10.0,25.0,0.4,4.0,7.0,0.571,2.0,7.0,0.286,33,88,0.375,0.0,0.0,0.0
1629003,Shake Milton,1610612755,PHI,24.0,31,59,0.525,37,67,0.552,18.0,41.0,0.439,1.0,7.0,0.143,3.0,5.0,0.6,18,60,0.3,0.0,0.0,0.0
1627885,Shaquille Harrison,1610612762,UTA,27.0,4,9,0.444,1,8,0.125,1.0,1.0,1.0,0.0,0.0,0.0,0.0,0.0,0.0,0,1,0.0,0.0,0.0,0.0
1628414,Sindarius Thornwell,1610612740,NOP,26.0,2,3,0.667,0,3,0.0,0.0,0.0,0.0,0.0,1.0,0.0,2.0,2.0,1.0,0,2,0.0,0.0,0.0,0.0
1630219,Skylar Mays,1610612737,ATL,23.0,0,2,0.0,0,0,0.0,0.0,2.0,0.0,0.0,0.0,0.0,0.0,0.0,0.0,0,2,0.0,,,
203524,Solomon Hill,1610612737,ATL,29.0,6,15,0.4,1,3,0.333,3.0,4.0,0.75,6.0,17.0,0.353,7.0,11.0,0.636,16,54,0.296,0.0,1.0,0.0
203915,Spencer Dinwiddie,1610612751,BKN,27.0,4,7,0.571,0,2,0.0,0.0,0.0,0.0,0.0,0.0,0.0,1.0,1.0,1.0,1,6,0.167,0.0,0.0,0.0
1626169,Stanley Johnson,1610612761,TOR,24.0,9,19,0.474,0,3,0.0,1.0,2.0,0.5,4.0,5.0,0.8,5.0,9.0,0.556,6,22,0.273,0.0,0.0,0.0
201939,Stephen Curry,1610612744,GSW,32.0,60,95,0.632,34,68,0.5,30.0,58.0,0.517,2.0,12.0,0.167,5.0,7.0,0.714,114,257,0.444,0.0,6.0,0.0
1628425,Sterling Brown,1610612745,HOU,26.0,26,40,0.65,2,10,0.2,1.0,5.0,0.2,9.0,21.0,0.429,7.0,17.0,0.412,19,47,0.404,0.0,0.0,0.0
203500,Steven Adams,1610612740,NOP,27.0,69,106,0.651,13,30,0.433,0.0,2.0,0.0,0.0,0.0,0.0,0.0,0.0,0.0,0,0,0.0,0.0,1.0,0.0
1629004,Svi Mykhailiuk,1610612765,DET,23.0,13,18,0.722,0,5,0.0,3.0,5.0,0.6,3.0,12.0,0.25,3.0,11.0,0.273,26,77,0.338,0.0,0.0,0.0
204456,T.J. McConnell,1610612754,IND,28.0,26,50,0.52,21,38,0.553,4.0,14.0,0.286,0.0,1.0,0.0,3.0,6.0,0.5,2,7,0.286,0.0,0.0,0.0
203933,T.J. Warren,1610612754,IND,27.0,15,18,0.833,6,9,0.667,6.0,17.0,0.353,0.0,3.0,0.0,0.0,0.0,0.0,0,4,0.0,0.0,0.0,0.0
1629605,Tacko Fall,1610612738,BOS,25.0,6,8,0.75,0,2,0.0,1.0,1.0,1.0,0.0,0.0,0.0,0.0,0.0,0.0,0,0,0.0,0.0,0.0,0.0
201959,Taj Gibson,1610612752,NYK,35.0,4,6,0.667,0,0,0.0,0.0,1.0,0.0,1.0,1.0,1.0,0.0,0.0,0.0,0,1,0.0,0.0,0.0,0.0
1629659,Talen Horton-Tucker,1610612747,LAL,20.0,47,71,0.662,4,20,0.2,1.0,7.0,0.143,0.0,4.0,0.0,2.0,7.0,0.286,10,30,0.333,0.0,0.0,0.0
1627752,Taurean Prince,1610612739,CLE,26.0,19,37,0.514,8,28,0.286,9.0,25.0,0.36,7.0,14.0,0.5,4.0,10.0,0.4,27,67,0.403,0.0,2.0,0.0
1629611,Terance Mann,1610612746,LAC,24.0,23,37,0.622,2,8,0.25,1.0,7.0,0.143,0.0,0.0,0.0,4.0,10.0,0.4,1,9,0.111,0.0,1.0,0.0
1629056,Terence Davis,1610612761,TOR,23.0,19,34,0.559,5,8,0.625,2.0,9.0,0.222,4.0,11.0,0.364,2.0,4.0,0.5,21,53,0.396,0.0,0.0,0.0
1628390,Terrance Ferguson,1610612755,PHI,22.0,0,0,0.0,0,0,0.0,0.0,0.0,0.0,0.0,2.0,0.0,0.0,0.0,0.0,0,1,0.0,,,
203082,Terrence Ross,1610612753,ORL,30.0,15,22,0.682,23,48,0.479,41.0,91.0,0.451,4.0,12.0,0.333,0.0,6.0,0.0,37,106,0.349,0.0,1.0,0.0
1626179,Terry Rozier,1610612766,CHA,26.0,47,83,0.566,28,50,0.56,12.0,33.0,0.364,12.0,26.0,0.462,10.0,21.0,0.476,58,133,0.436,0.0,1.0,0.0
201152,Thaddeus Young,1610612741,CHI,32.0,62,86,0.721,33,58,0.569,2.0,8.0,0.25,3.0,9.0,0.333,0.0,1.0,0.0,2,9,0.222,0.0,1.0,0.0
203648,Thanasis Antetokounmpo,1610612749,MIL,28.0,14,17,0.824,1,2,0.5,0.0,0.0,0.0,1.0,2.0,0.5,1.0,1.0,1.0,0,4,0.0,0.0,0.0,0.0
1630177,Theo Maledon,1610612760,OKC,19.0,13,34,0.382,5,12,0.417,10.0,18.0,0.556,5.0,12.0,0.417,1.0,1.0,1.0,24,68,0.353,0.0,1.0,0.0
1629033,Theo Pinson,1610612752,NYK,25.0,0,0,0.0,1,1,1.0,0.0,0.0,0.0,0.0,0.0,0.0,0.0,0.0,0.0,0,5,0.0,0.0,0.0,0.0
1628418,Thomas Bryant,1610612764,WAS,23.0,38,42,0.905,10,17,0.588,2.0,11.0,0.182,1.0,1.0,1.0,0.0,0.0,0.0,8,20,0.4,0.0,0.0,0.0
1627748,Thon Maker,1610612739,CLE,23.0,6,9,0.667,3,5,0.6,1.0,2.0,0.5,0.0,0.0,0.0,0.0,1.0,0.0,0,1,0.0,0.0,0.0,0.0
204025,Tim Frazier,1610612763,MEM,30.0,1,1,1.0,0,3,0.0,1.0,2.0,0.5,0.0,0.0,0.0,0.0,0.0,0.0,0,2,0.0,0.0,0.0,0.0
203501,Tim Hardaway Jr.,1610612742,DAL,28.0,39,62,0.629,15,33,0.455,18.0,47.0,0.383,6.0,13.0,0.462,7.0,24.0,0.292,66,161,0.41,0.0,0.0,0.0
1627789,Timothe Luwawu-Cabarrot,1610612751,BKN,25.0,22,45,0.489,2,7,0.286,3.0,11.0,0.273,7.0,21.0,0.333,9.0,19.0,0.474,26,76,0.342,0.0,0.0,0.0
202699,Tobias Harris,1610612755,PHI,28.0,61,93,0.656,41,85,0.482,30.0,64.0,0.469,3.0,8.0,0.375,7.0,11.0,0.636,32,77,0.416,0.0,0.0,0.0
203107,Tomas Satoransky,1610612741,CHI,29.0,7,9,0.778,7,17,0.412,1.0,3.0,0.333,3.0,3.0,1.0,3.0,5.0,0.6,3,11,0.273,0.0,1.0,0.0
1628396,Tony Bradley,1610612755,PHI,23.0,13,24,0.542,3,7,0.429,2.0,3.0,0.667,0.0,0.0,0.0,0.0,1.0,0.0,0,0,0.0,0.0,0.0,0.0
203503,Tony Snell,1610612737,ATL,29.0,1,4,0.25,0,4,0.0,0.0,0.0,0.0,3.0,4.0,0.75,3.0,8.0,0.375,8,14,0.571,0.0,0.0,0.0
1628470,Torrey Craig,1610612749,MIL,30.0,8,12,0.667,0,3,0.0,1.0,2.0,0.5,1.0,4.0,0.25,0.0,2.0,0.0,5,9,0.556,0.0,0.0,0.0
1629027,Trae Young,1610612737,ATL,22.0,57,100,0.57,43,114,0.377,14.0,41.0,0.341,3.0,4.0,0.75,2.0,4.0,0.5,47,133,0.353,0.0,0.0,0.0
1630200,Tre Jones,1610612759,SAS,21.0,4,6,0.667,1,4,0.25,0.0,1.0,0.0,0.0,0.0,0.0,0.0,0.0,0.0,1,1,1.0,,,
1629682,Tremont Waters,1610612738,BOS,23.0,1,4,0.25,1,5,0.2,1.0,5.0,0.2,0.0,0.0,0.0,0.0,0.0,0.0,3,11,0.273,0.0,0.0,0.0
1630235,Trent Forrest,1610612762,UTA,22.0,0,0,0.0,0,0,0.0,0.0,0.0,0.0,0.0,0.0,0.0,0.0,0.0,0.0,0,0,0.0,,,
203504,Trey Burke,1610612742,DAL,28.0,18,33,0.545,10,18,0.556,15.0,36.0,0.417,5.0,13.0,0.385,2.0,12.0,0.167,27,62,0.435,0.0,0.0,0.0
1626168,Trey Lyles,1610612759,SAS,25.0,12,16,0.75,2,2,1.0,0.0,3.0,0.0,0.0,2.0,0.0,1.0,1.0,1.0,3,12,0.25,0.0,0.0,0.0
202684,Tristan Thompson,1610612738,BOS,29.0,38,71,0.535,22,49,0.449,2.0,5.0,0.4,0.0,0.0,0.0,0.0,0.0,0.0,0,1,0.0,0.0,0.0,0.0
1628972,Troy Brown Jr.,1610612764,WAS,21.0,6,9,0.667,4,10,0.4,0.0,4.0,0.0,3.0,6.0,0.5,1.0,3.0,0.333,5,20,0.25,0.0,1.0,0.0
1630234,Ty-Shon Alexander,1610612756,PHX,22.0,0,0,0.0,0,0,0.0,0.0,2.0,0.0,0.0,0.0,0.0,0.0,0.0,0.0,0,1,0.0,,,
1630189,Tyler Bey,1610612742,DAL,23.0,2,3,0.667,0,2,0.0,0.0,0.0,0.0,,,,0.0,0.0,0.0,0,0,0.0,0.0,0.0,0.0
1629639,Tyler Herro,1610612748,MIA,21.0,27,42,0.643,20,49,0.408,29.0,55.0,0.527,3.0,7.0,0.429,4.0,8.0,0.5,27,82,0.329,0.0,1.0,0.0
204020,Tyler Johnson,1610612751,BKN,28.0,1,3,0.333,1,3,0.333,2.0,3.0,0.667,0.0,2.0,0.0,1.0,4.0,0.25,4,8,0.5,0.0,0.0,0.0
1630179,Tyrell Terry,1610612742,DAL,20.0,5,6,0.833,0,2,0.0,0.0,1.0,0.0,0.0,0.0,0.0,0.0,0.0,0.0,0,7,0.0,0.0,0.0,0.0
1630169,Tyrese Haliburton,1610612758,SAC,20.0,18,26,0.692,21,43,0.488,10.0,21.0,0.476,11.0,21.0,0.524,7.0,14.0,0.5,33,76,0.434,0.0,1.0,0.0
1630178,Tyrese Maxey,1610612755,PHI,20.0,32,51,0.627,20,44,0.455,25.0,54.0,0.463,0.0,4.0,0.0,0.0,2.0,0.0,15,42,0.357,0.0,0.0,0.0
1626145,Tyus Jones,1610612763,MEM,24.0,15,30,0.5,32,56,0.571,11.0,22.0,0.5,1.0,10.0,0.1,2.0,8.0,0.25,14,42,0.333,0.0,0.0,0.0
1628962,Udoka Azubuike,1610612762,UTA,21.0,4,6,0.667,0,1,0.0,0.0,0.0,0.0,0.0,0.0,0.0,0.0,0.0,0.0,0,0,0.0,0.0,0.0,0.0
1630176,Vernon Carey Jr.,1610612766,CHA,19.0,1,1,1.0,0,1,0.0,0.0,0.0,0.0,0.0,0.0,0.0,0.0,0.0,0.0,0,1,0.0,0.0,0.0,0.0
203506,Victor Oladipo,1610612745,HOU,28.0,58,101,0.574,20,53,0.377,14.0,49.0,0.286,6.0,13.0,0.462,1.0,5.0,0.2,41,128,0.32,0.0,0.0,0.0
1629738,Vincent Poirier,1610612755,PHI,27.0,1,2,0.5,0,0,0.0,0.0,1.0,0.0,,,,0.0,0.0,0.0,0,0,0.0,,,
1628427,Vlatko Cancar,1610612743,DEN,23.0,0,1,0.0,0,0,0.0,0.0,2.0,0.0,0.0,0.0,0.0,0.0,1.0,0.0,0,3,0.0,0.0,0.0,0.0
201961,Wayne Ellington,1610612765,DET,33.0,11,17,0.647,2,4,0.5,6.0,15.0,0.4,5.0,16.0,0.313,7.0,13.0,0.538,41,82,0.5,0.0,0.0,0.0
1628976,Wendell Carter Jr.,1610612741,CHI,21.0,30,48,0.625,22,37,0.595,9.0,22.0,0.409,2.0,3.0,0.667,0.0,0.0,0.0,2,12,0.167,0.0,0.0,0.0
1629117,Wenyen Gabriel,1610612740,NOP,23.0,0,2,0.0,0,0,0.0,0.0,0.0,0.0,0.0,0.0,0.0,0.0,1.0,0.0,0,0,0.0,0.0,0.0,0.0
1628411,Wes Iwundu,1610612742,DAL,26.0,9,18,0.5,1,3,0.333,0.0,2.0,0.0,2.0,6.0,0.333,0.0,7.0,0.0,1,10,0.1,0.0,0.0,0.0
202083,Wesley Matthews,1610612747,LAL,34.0,5,9,0.556,2,2,1.0,1.0,5.0,0.2,5.0,12.0,0.417,3.0,8.0,0.375,19,48,0.396,0.0,0.0,0.0
203115,Will Barton,1610612743,DEN,30.0,43,76,0.566,16,47,0.34,8.0,23.0,0.348,6.0,11.0,0.545,4.0,6.0,0.667,28,78,0.359,0.0,1.0,0.0
1626161,Willie Cauley-Stein,1610612742,DAL,27.0,51,77,0.662,3,5,0.6,4.0,6.0,0.667,0.0,0.0,0.0,0.0,1.0,0.0,1,3,0.333,0.0,0.0,0.0
1626195,Willy Hernangomez,1610612740,NOP,26.0,19,28,0.679,3,6,0.5,0.0,1.0,0.0,0.0,0.0,0.0,0.0,1.0,0.0,0,2,0.0,0.0,0.0,0.0
1630214,Xavier Tillman,1610612763,MEM,22.0,32,47,0.681,15,30,0.5,1.0,4.0,0.25,1.0,4.0,0.25,1.0,4.0,0.25,2,8,0.25,0.0,1.0,0.0
1627812,Yogi Ferrell,1610612739,CLE,27.0,1,2,0.5,3,8,0.375,1.0,2.0,0.5,0.0,0.0,0.0,0.0,0.0,0.0,3,9,0.333,0.0,0.0,0.0
1629139,Yuta Watanabe,1610612761,TOR,26.0,4,11,0.364,2,11,0.182,0.0,1.0,0.0,2.0,4.0,0.5,2.0,9.0,0.222,8,15,0.533,0.0,0.0,0.0
203897,Zach LaVine,1610612741,CHI,25.0,95,139,0.683,23,52,0.442,36.0,70.0,0.514,14.0,24.0,0.583,4.0,13.0,0.308,67,162,0.414,0.0,1.0,0.0
1630192,Zeke Nnaji,1610612743,DEN,20.0,2,4,0.5,1,2,0.5,1.0,2.0,0.5,0.0,0.0,0.0,0.0,1.0,0.0,5,8,0.625,0.0,0.0,0.0
1629627,Zion Williamson,1610612740,NOP,20.0,180,281,0.641,26,55,0.473,1.0,4.0,0.25,0.0,0.0,0.0,0.0,0.0,0.0,4,12,0.333,0.0,0.0,0.0
